,SIGHTING_ID,GROUP_SIZE_LAST,Group_Size_Min,Group_Size,Proximity,Other.Confounding.Groups,DIST_MIN,BEAUFORT_LAST,VISIBILITY_LAST,OBS_1,OBS_2
1,2024-01-08_1,1,NA,NA,NA,NA,1.181630244,2,3,ACH,ARL
2,2024-01-08_10,2,NA,NA,NA,NA,3.849055538,3,2,ACB,ACH
3,2024-01-08_11,1,NA,NA,NA,NA,1.89084263,3,2,ACB,ACH
5,2024-01-08_12,1,NA,NA,NA,NA,1.89084263,3,2,ACB,ACH
6,2024-01-08_13,1,NA,NA,NA,NA,2.150601328,3,2,ARL,ACB
7,2024-01-08_14,1,NA,NA,NA,NA,2.368248371,3,2,ARL,ACB
8,2024-01-08_15,3,NA,NA,NA,NA,2.056324363,4,2,ARL,ACB
10,2024-01-08_16,2,NA,NA,NA,NA,2.368248371,4,2,ARL,ACB
11,2024-01-08_17,1,NA,NA,NA,NA,2.150601328,4,2,ARL,ACB
13,2024-01-08_18,2,NA,NA,NA,NA,2.494838594,4,2,ARL,ACB
14,2024-01-08_19,1,NA,NA,NA,NA,1.75026497,4,2,ARL,ACB
15,2024-01-08_2,2,NA,NA,NA,NA,1.75026497,3,3,ACH,ARL
16,2024-01-08_20,1,NA,NA,NA,NA,1.89084263,4,2,ACH,ARL
17,2024-01-08_21,1,NA,NA,NA,NA,0.860301852,4,2,ACH,ARL
18,2024-01-08_22,1,NA,NA,NA,NA,2.368248371,4,3,ACH,ARL
20,2024-01-08_23,3,NA,NA,NA,NA,2.368248371,4,3,ACH,ARL
22,2024-01-08_24,1,NA,NA,NA,NA,1.89084263,4,3,ACB,ACH
23,2024-01-08_25,1,NA,NA,NA,NA,1.89084263,4,3,ACB,ACH
24,2024-01-08_26,1,NA,NA,NA,NA,2.974231001,4,3,ACB,ACH
25,2024-01-08_27,3,NA,NA,NA,NA,4.907045541,4,3,ARL,ACB
26,2024-01-08_28,2,NA,NA,NA,NA,2.368248371,4,3,ARL,ACB
27,2024-01-08_3,3,NA,NA,NA,NA,1.89084263,3,3,ACH,ARL
28,2024-01-08_4,2,NA,NA,NA,NA,0.860301852,3,3,ACH,ARL
29,2024-01-08_5,1,NA,NA,NA,NA,1.050709278,3,3,ACH,ARL
31,2024-01-08_6,1,NA,NA,NA,NA,2.794684873,3,3,ACH,ARL
32,2024-01-08_7,2,NA,NA,NA,NA,1.89084263,3,2,ACB,ACH
34,2024-01-08_8,1,NA,NA,NA,NA,2.368248371,3,2,ACB,ACH
35,2024-01-08_9,1,NA,NA,NA,NA,2.636063,3,2,ACB,ACH
36,2024-01-09_1,2,NA,NA,NA,NA,1.89084263,2,3,ACB,ACH
37,2024-01-09_10,2,NA,NA,NA,NA,1.57495326,2,3,ACH,ARL
39,2024-01-09_11,2,2,2,0,0,2.056324363,2,3,ACH,ARL
42,2024-01-09_12,4,1,NA,1,0,2.636063,2,3,ACH,ARL
46,2024-01-09_13,1,NA,NA,NA,NA,3.179283601,2,3,ACH,ARL
48,2024-01-09_14,4,4,4,1,0,2.636063,2,3,ACB,ACH
49,2024-01-09_15,2,4,4,1,0,2.974231001,2,3,ACB,ACH
50,2024-01-09_16,1,NA,NA,NA,NA,3.179283601,2,4,ACB,ACH
51,2024-01-09_17,4,NA,NA,NA,NA,2.494838594,2,4,ARL,ACB
54,2024-01-09_18,2,NA,NA,NA,NA,2.794684873,2,4,ARL,ACB
55,2024-01-09_2,4,NA,NA,NA,NA,2.494838594,2,3,ACB,ACH
56,2024-01-09_3,3,NA,NA,NA,NA,2.974231001,2,3,ACB,ACH
57,2024-01-09_4,1,NA,NA,NA,NA,0.631681396,2,3,ACB,ACH
58,2024-01-09_5,2,NA,NA,NA,NA,2.794684873,2,3,ACB,ACH
60,2024-01-09_6,4,NA,NA,NA,NA,2.368248371,2,3,ACB,ACH
62,2024-01-09_7,5,NA,NA,NA,NA,2.494838594,2,3,ARL,ACB
64,2024-01-09_8,4,NA,NA,NA,NA,3.179283601,2,3,ARL,ACB
67,2024-01-09_9,1,NA,NA,NA,NA,1.181630244,2,3,ACH,ARL
69,2024-01-10_1,4,NA,NA,NA,NA,3.692415311,3,4,ARL,ACB
70,2024-01-10_10,1,NA,NA,NA,NA,2.368248371,2,3,ACH,ARL
71,2024-01-10_11,3,NA,NA,NA,NA,1.243664903,2,3,ACH,ARL
74,2024-01-10_13,2,NA,NA,NA,NA,1.89084263,2,3,ACH,ARL
76,2024-01-10_14,1,NA,NA,NA,NA,1.57495326,2,3,ACH,ARL
77,2024-01-10_15,4,NA,NA,NA,NA,2.056324363,2,3,ACB,ACH
79,2024-01-10_16,3,NA,NA,NA,NA,1.75026497,2,3,ACB,ACH
81,2024-01-10_17,1,NA,NA,NA,NA,2.794684873,2,3,ACB,ACH
83,2024-01-10_18,1,NA,NA,NA,NA,1.006147082,2,3,ACB,ACH
84,2024-01-10_19,2,NA,NA,NA,NA,1.817809866,3,3,ARL,ACB
85,2024-01-10_2,3,NA,NA,NA,NA,1.75026497,3,4,ARL,ACB
86,2024-01-10_20,1,NA,NA,NA,NA,2.794684873,3,3,ARL,ACB
87,2024-01-10_21,3,NA,NA,NA,NA,2.974231001,3,3,ARL,ACB
88,2024-01-10_22,1,NA,NA,NA,NA,3.179283601,3,4,ARL,ACB
89,2024-01-10_3,2,4,4,0,0,2.056324363,3,4,ARL,ACB
90,2024-01-10_4,2,NA,NA,NA,NA,2.056324363,3,4,ARL,ACB
91,2024-01-10_5,1,NA,NA,NA,NA,2.794684873,3,4,ARL,ACB
92,2024-01-10_6,1,NA,NA,NA,NA,2.974231001,3,4,ARL,ACB
93,2024-01-10_7,2,NA,NA,NA,NA,2.794684873,2,3,ARL,ACB
94,2024-01-10_8,1,NA,NA,NA,NA,1.89084263,2,3,ACH,ARL
95,2024-01-10_9,1,NA,NA,NA,NA,0.860301852,2,3,ACH,ARL
96,2024-01-11_1,5,NA,NA,NA,NA,3.692415311,3,4,ACH,ARL
97,2024-01-11_10,1,NA,NA,NA,NA,2.636063,3,3,ACH,ARL
99,2024-01-11_11,1,NA,NA,NA,NA,3.179283601,3,3,ACB,ACH
100,2024-01-11_12,3,NA,NA,NA,NA,2.636063,3,3,ACB,ACH
102,2024-01-11_13,1,NA,NA,NA,NA,2.254093657,3,3,ACB,ACH
104,2024-01-11_14,1,NA,NA,NA,NA,1.817809866,3,3,ACB,ACH
105,2024-01-11_15,1,NA,NA,NA,NA,1.629317416,3,3,ACB,ACH
106,2024-01-11_16,1,NA,NA,NA,NA,3.692415311,3,3,ACB,ACH
107,2024-01-11_17,1,NA,NA,NA,NA,4.020357692,3,3,ACB,ACH
108,2024-01-11_18,2,NA,NA,NA,NA,2.636063,3,3,ACB,ACH
111,2024-01-11_19,2,NA,NA,NA,NA,3.179283601,3,3,ACB,ACH
112,2024-01-11_2,2,NA,NA,NA,NA,1.89084263,3,3,ACH,ARL
114,2024-01-11_20,1,NA,NA,NA,NA,2.150601328,3,3,ACB,ACH
117,2024-01-11_21,2,NA,NA,NA,NA,2.974231001,3,3,ACB,ACH
119,2024-01-11_22,3,NA,NA,NA,NA,2.974231001,3,3,ARL,ACB
121,2024-01-11_23,1,NA,NA,NA,NA,2.368248371,3,3,ARL,ACB
122,2024-01-11_24,1,NA,NA,NA,NA,1.75026497,3,3,ARL,ACB
124,2024-01-11_25,7,NA,NA,NA,NA,2.636063,3,3,ARL,ACB
126,2024-01-11_26,4,NA,NA,NA,NA,2.254093657,3,3,ARL,ACB
128,2024-01-11_27,2,NA,NA,NA,NA,4.020357692,3,3,ARL,ACB
130,2024-01-11_29,3,NA,NA,NA,NA,2.794684873,3,3,ARL,ACB
131,2024-01-11_3,2,NA,NA,NA,NA,3.692415311,3,3,ACH,ARL
132,2024-01-11_30,2,NA,NA,NA,NA,2.974231001,3,3,ARL,ACB
134,2024-01-11_31,3,NA,NA,NA,NA,1.476502739,3,3,ARL,ACB
136,2024-01-11_33,3,NA,NA,NA,NA,2.368248371,3,3,ARL,ACB
137,2024-01-11_34,3,NA,NA,NA,NA,1.350056812,3,3,ARL,ACB
140,2024-01-11_36,1,NA,NA,NA,NA,1.211850185,3,3,ARL,ACB
141,2024-01-11_37,2,NA,NA,NA,NA,2.636063,3,2,ARL,ACB
144,2024-01-11_38,1,NA,NA,NA,NA,1.970069339,3,2,ACH,ARL
145,2024-01-11_39,3,NA,NA,NA,NA,2.150601328,3,2,ACH,ARL
146,2024-01-11_4,1,NA,NA,NA,NA,2.368248371,3,3,ACH,ARL
148,2024-01-11_40,1,NA,NA,NA,NA,2.794684873,3,2,ACH,ARL
150,2024-01-11_41,1,NA,NA,NA,NA,4.416631434,4,3,ACH,ARL
152,2024-01-11_42,3,NA,NA,NA,NA,1.89084263,4,3,ACH,ARL
154,2024-01-11_43,2,NA,NA,NA,NA,2.056324363,4,3,ACH,ARL
156,2024-01-11_44,1,NA,NA,NA,NA,1.817809866,4,3,ACB,ACH
158,2024-01-11_45,1,NA,NA,NA,NA,1.350056812,4,3,ACB,ACH
159,2024-01-11_46,1,NA,NA,NA,NA,2.056324363,4,3,ACB,ACH
160,2024-01-11_47,2,NA,NA,NA,NA,1.75026497,4,3,ACB,ACH
162,2024-01-11_48,4,NA,NA,NA,NA,2.974231001,4,3,ACB,ACH
164,2024-01-11_49,2,NA,NA,NA,NA,2.368248371,4,3,ACB,ACH
165,2024-01-11_5,3,NA,NA,NA,NA,2.794684873,3,3,ACH,ARL
168,2024-01-11_50,1,NA,NA,NA,NA,1.57495326,4,4,ACB,ACH
169,2024-01-11_51,1,NA,NA,NA,NA,2.794684873,4,4,ACB,ACH
170,2024-01-11_52,1,NA,NA,NA,NA,2.794684873,4,4,ARL,ACB
171,2024-01-11_53,1,NA,NA,NA,NA,1.89084263,4,4,ARL,ACB
172,2024-01-11_54,1,NA,NA,NA,NA,2.368248371,4,4,ARL,ACB
173,2024-01-11_55,1,NA,NA,NA,NA,2.368248371,4,4,ARL,ACB
174,2024-01-11_57,2,NA,NA,NA,NA,2.794684873,4,4,ARL,ACB
176,2024-01-11_58,1,NA,NA,NA,NA,3.179283601,4,4,ARL,ACB
177,2024-01-11_59,1,NA,NA,NA,NA,2.056324363,4,4,ARL,ACB
178,2024-01-11_6,1,NA,NA,NA,NA,1.89084263,3,3,ACH,ARL
179,2024-01-11_60,7,NA,NA,NA,NA,1.57495326,3,4,ARL,ACB
181,2024-01-11_61,1,NA,NA,NA,NA,1.75026497,3,4,ARL,ACB
182,2024-01-11_7,1,NA,NA,NA,NA,2.150601328,3,3,ACH,ARL
184,2024-01-11_8,1,NA,NA,NA,NA,2.254093657,3,3,ACH,ARL
185,2024-01-11_9,2,NA,NA,NA,NA,2.794684873,3,3,ACH,ARL
188,2024-01-12_1,2,NA,NA,NA,NA,2.368248371,2,3,ARL,ACB
189,2024-01-12_10,2,NA,NA,NA,NA,2.636063,3,3,ARL,ACB
191,2024-01-12_11,5,NA,NA,NA,NA,4.020357692,3,3,ARL,ACB
193,2024-01-12_12,1,NA,NA,NA,NA,3.179283601,3,3,ARL,ACB
194,2024-01-12_13,2,NA,NA,NA,NA,3.415921982,3,3,ARL,ACB
195,2024-01-12_14,4,NA,NA,NA,NA,3.179283601,3,3,ARL,ACB
196,2024-01-12_15,1,NA,NA,NA,NA,4.907045541,3,2,ARL,ACB
198,2024-01-12_16,2,NA,NA,NA,NA,2.636063,3,2,ACH,ARL
200,2024-01-12_17,3,NA,NA,NA,NA,2.368248371,3,2,ACH,ARL
202,2024-01-12_18,3,NA,NA,NA,NA,2.636063,3,2,ACH,ARL
204,2024-01-12_19,2,NA,NA,NA,NA,3.692415311,3,2,ACH,ARL
206,2024-01-12_2,1,NA,NA,NA,NA,2.150601328,2,3,ARL,ACB
207,2024-01-12_20,5,3,NA,1,1,2.974231001,3,2,ACH,ARL
209,2024-01-12_21,2,NA,NA,NA,NA,2.974231001,3,2,ACH,ARL
211,2024-01-12_22,3,NA,NA,NA,NA,2.368248371,3,2,ACH,ARL
214,2024-01-12_24,1,2,NA,1,0,2.494838594,3,2,ACH,ARL
215,2024-01-12_25,2,2,2,1,0,2.150601328,3,3,ACB,ACH
216,2024-01-12_26,1,NA,NA,NA,NA,2.636063,3,3,ACB,ACH
218,2024-01-12_27,1,NA,NA,NA,NA,1.89084263,3,3,ACB,ACH
220,2024-01-12_28,2,NA,NA,NA,NA,1.75026497,3,3,ACB,ACH
222,2024-01-12_29,2,NA,NA,NA,NA,1.389712113,4,3,ACB,ACH
223,2024-01-12_3,2,NA,NA,NA,NA,3.179283601,2,3,ARL,ACB
224,2024-01-12_30,1,NA,NA,NA,NA,3.179283601,4,3,ARL,ACB
225,2024-01-12_31,5,NA,NA,NA,NA,4.416631434,4,4,ARL,ACB
227,2024-01-12_32,1,NA,NA,NA,NA,1.89084263,4,4,ARL,ACB
228,2024-01-12_33,3,NA,NA,NA,NA,3.179283601,4,4,ARL,ACB
229,2024-01-12_34,2,NA,NA,NA,NA,1.89084263,4,4,ARL,ACB
230,2024-01-12_35,2,NA,NA,NA,NA,2.636063,4,4,ARL,ACB
231,2024-01-12_36,3,NA,NA,NA,NA,2.794684873,4,4,ARL,ACB
233,2024-01-12_37,1,NA,NA,NA,NA,4.416631434,4,4,ARL,ACB
234,2024-01-12_38,5,NA,NA,NA,NA,2.368248371,4,4,ARL,ACB
235,2024-01-12_39,1,NA,NA,NA,NA,1.431784249,4,4,ARL,ACB
236,2024-01-12_4,3,NA,NA,NA,NA,2.794684873,2,3,ARL,ACB
238,2024-01-12_40,2,NA,NA,NA,NA,1.57495326,3,4,ACH,ARL
240,2024-01-12_41,3,NA,NA,NA,NA,1.89084263,3,4,ACH,ARL
243,2024-01-12_42,1,NA,NA,NA,NA,1.27720475,3,4,ACH,ARL
244,2024-01-12_43,3,5,NA,1,0,1.57495326,3,4,ACH,ARL
248,2024-01-12_44,2,NA,NA,NA,NA,1.89084263,3,4,ACH,ARL
250,2024-01-12_45,2,NA,NA,NA,NA,1.6876062,3,4,ACH,ARL
251,2024-01-12_46,2,2,NA,1,0,1.57495326,3,4,ACH,ARL
255,2024-01-12_47,5,NA,NA,NA,NA,1.006147082,3,4,ACB,ACH
257,2024-01-12_48,2,NA,NA,NA,NA,2.368248371,3,4,ACB,ACH
260,2024-01-12_49,5,NA,NA,NA,NA,2.368248371,3,4,ACB,ACH
263,2024-01-12_5,4,NA,NA,NA,NA,2.794684873,3,3,ARL,ACB
265,2024-01-12_50,1,NA,NA,NA,NA,1.89084263,3,4,ACB,ACH
266,2024-01-12_51,5,NA,NA,NA,NA,2.794684873,3,4,ACB,ACH
270,2024-01-12_52,2,NA,NA,NA,NA,3.179283601,3,4,ACB,ACH
272,2024-01-12_53,1,NA,NA,NA,NA,1.89084263,3,4,ACB,ACH
274,2024-01-12_54,2,NA,NA,NA,NA,2.974231001,3,4,ACB,ACH
275,2024-01-12_55,1,NA,NA,NA,NA,1.350056812,3,4,ACB,ACH
276,2024-01-12_56,2,NA,NA,NA,NA,1.350056812,3,4,ACB,ACH
277,2024-01-12_57,1,NA,NA,NA,NA,1.476502739,3,4,ACB,ACH
278,2024-01-12_58,1,NA,NA,NA,NA,1.050709278,3,4,ACB,ACH
279,2024-01-12_6,1,NA,NA,NA,NA,2.794684873,2,3,ARL,ACB
280,2024-01-12_7,1,NA,NA,NA,NA,2.636063,2,3,ARL,ACB
281,2024-01-12_8,2,NA,NA,NA,NA,3.179283601,3,3,ARL,ACB
283,2024-01-12_9,4,NA,NA,NA,NA,3.179283601,3,3,ARL,ACB
285,2024-01-15_1,2,NA,NA,NA,NA,1.389712113,2,3,JAS,VLP
286,2024-01-15_10,3,1,NA,1,1,2.368248371,2,3,JAS,VLP
287,2024-01-15_11,1,NA,NA,NA,NA,3.179283601,2,3,JAS,VLP
288,2024-01-15_12,1,1,NA,1,1,1.89084263,2,3,DUB,JAS
289,2024-01-15_13,1,NA,NA,NA,NA,0.860301852,2,3,DUB,JAS
290,2024-01-15_14,1,NA,NA,NA,NA,2.794684873,2,2,DUB,JAS
291,2024-01-15_15,6,NA,NA,NA,NA,2.794684873,2,2,DUB,JAS
292,2024-01-15_16,5,NA,NA,NA,NA,3.179283601,2,2,DUB,JAS
297,2024-01-15_17,1,NA,NA,NA,NA,3.179283601,2,2,DUB,JAS
298,2024-01-15_18,1,NA,NA,NA,NA,3.179283601,2,2,VLP,DUB
299,2024-01-15_19,1,4,4,0,1,2.794684873,2,2,VLP,DUB
300,2024-01-15_2,1,NA,NA,NA,NA,1.57495326,2,3,JAS,VLP
301,2024-01-15_20,1,NA,NA,NA,NA,1.75026497,2,2,VLP,DUB
302,2024-01-15_21,3,6,6,0,1,2.794684873,2,2,VLP,DUB
304,2024-01-15_22,2,NA,NA,NA,NA,1.89084263,2,2,VLP,DUB
306,2024-01-15_23,2,NA,NA,NA,NA,2.056324363,2,2,VLP,DUB
308,2024-01-15_24,2,NA,NA,NA,NA,2.636063,2,2,VLP,DUB
310,2024-01-15_25,4,NA,NA,NA,NA,2.368248371,2,2,VLP,DUB
312,2024-01-15_26,5,NA,NA,NA,NA,1.89084263,2,2,VLP,DUB
313,2024-01-15_27,2,NA,NA,NA,NA,3.692415311,2,2,VLP,DUB
314,2024-01-15_28,1,1,NA,1,1,2.794684873,2,2,VLP,DUB
315,2024-01-15_29,1,NA,NA,NA,NA,6.372200982,2,2,JAS,VLP
316,2024-01-15_3,1,NA,NA,NA,NA,1.6876062,2,3,JAS,VLP
318,2024-01-15_30,2,NA,NA,NA,NA,3.692415311,2,2,JAS,VLP
320,2024-01-15_31,3,NA,NA,NA,NA,1.57495326,2,2,JAS,VLP
322,2024-01-15_32,6,NA,NA,NA,NA,2.794684873,2,2,JAS,VLP
324,2024-01-15_33,6,NA,NA,NA,NA,2.056324363,2,2,JAS,VLP
326,2024-01-15_34,3,NA,NA,NA,NA,1.89084263,2,2,JAS,VLP
328,2024-01-15_35,1,NA,NA,NA,NA,2.974231001,2,2,JAS,VLP
329,2024-01-15_36,1,NA,NA,NA,NA,9.588884243,2,2,JAS,VLP
330,2024-01-15_37,3,NA,NA,NA,NA,3.179283601,2,2,JAS,VLP
331,2024-01-15_38,2,NA,NA,NA,NA,2.794684873,2,2,JAS,VLP
332,2024-01-15_39,2,NA,NA,NA,NA,6.372200982,2,2,JAS,VLP
333,2024-01-15_4,1,NA,NA,NA,NA,2.056324363,2,4,JAS,VLP
334,2024-01-15_40,1,NA,NA,NA,NA,1.181630244,2,2,JAS,VLP
335,2024-01-15_41,2,3,3,1,1,2.368248371,2,2,JAS,VLP
336,2024-01-15_42,1,NA,NA,NA,NA,2.636063,2,2,JAS,VLP
337,2024-01-15_43,2,NA,NA,NA,NA,1.431784249,2,2,JAS,VLP
338,2024-01-15_44,2,NA,NA,NA,NA,1.312614765,2,2,JAS,VLP
339,2024-01-15_45,1,NA,NA,NA,NA,2.368248371,2,2,JAS,VLP
340,2024-01-15_46,1,NA,NA,NA,NA,1.312614765,2,2,JAS,VLP
341,2024-01-15_47,1,NA,NA,NA,NA,1.75026497,2,2,JAS,VLP
344,2024-01-15_5,1,NA,NA,NA,NA,2.056324363,2,3,JAS,VLP
346,2024-01-15_50,4,NA,NA,NA,NA,4.907045541,2,2,DUB,JAS
347,2024-01-15_51,1,NA,NA,NA,NA,4.416631434,2,2,DUB,JAS
348,2024-01-15_52,1,NA,NA,NA,NA,2.974231001,2,2,DUB,JAS
349,2024-01-15_53,3,NA,NA,NA,NA,2.368248371,2,2,DUB,JAS
350,2024-01-15_54,6,NA,NA,NA,NA,2.974231001,2,2,DUB,JAS
352,2024-01-15_55,2,NA,NA,NA,NA,1.89084263,2,2,DUB,JAS
353,2024-01-15_56,3,NA,NA,NA,NA,4.020357692,2,2,DUB,JAS
354,2024-01-15_57,3,NA,NA,NA,NA,2.494838594,2,2,DUB,JAS
355,2024-01-15_58,3,NA,NA,NA,NA,1.89084263,2,2,DUB,JAS
356,2024-01-15_59,3,4,NA,1,1,2.794684873,2,2,DUB,JAS
357,2024-01-15_6,2,NA,NA,NA,NA,2.636063,2,3,JAS,VLP
360,2024-01-15_60,5,NA,NA,NA,NA,2.368248371,2,2,DUB,JAS
362,2024-01-15_61,2,NA,NA,NA,NA,2.636063,2,2,DUB,JAS
365,2024-01-15_62,1,NA,NA,NA,NA,2.368248371,2,2,DUB,JAS
366,2024-01-15_63,1,NA,NA,NA,NA,2.056324363,2,2,DUB,JAS
367,2024-01-15_64,1,NA,NA,NA,NA,2.368248371,2,2,VLP,DUB
368,2024-01-15_65,2,NA,NA,NA,NA,2.636063,2,2,VLP,DUB
369,2024-01-15_66,1,NA,NA,NA,NA,2.794684873,2,2,VLP,DUB
370,2024-01-15_67,1,NA,NA,NA,NA,2.974231001,2,2,VLP,DUB
371,2024-01-15_68,1,NA,NA,NA,NA,2.056324363,2,2,VLP,DUB
373,2024-01-15_69,1,NA,NA,NA,NA,2.794684873,2,2,VLP,DUB
374,2024-01-15_7,1,NA,NA,NA,NA,2.794684873,2,3,JAS,VLP
376,2024-01-15_70,1,NA,NA,NA,NA,3.179283601,2,2,VLP,DUB
377,2024-01-15_71,4,NA,NA,NA,NA,2.636063,2,2,VLP,DUB
379,2024-01-15_72,2,NA,NA,NA,NA,3.179283601,2,2,VLP,DUB
380,2024-01-15_73,1,NA,NA,NA,NA,4.907045541,2,2,VLP,DUB
381,2024-01-15_74,4,NA,NA,NA,NA,3.179283601,2,2,VLP,DUB
382,2024-01-15_75,3,NA,NA,NA,NA,2.368248371,2,2,VLP,DUB
384,2024-01-15_76,1,NA,NA,NA,NA,3.179283601,2,2,VLP,DUB
385,2024-01-15_77,1,NA,NA,NA,NA,2.056324363,2,2,VLP,DUB
387,2024-01-15_78,1,NA,NA,NA,NA,2.794684873,2,2,VLP,DUB
388,2024-01-15_8,1,NA,NA,NA,NA,2.636063,2,3,JAS,VLP
389,2024-01-15_9,1,NA,NA,NA,NA,1.89084263,2,3,JAS,VLP
390,2024-01-16_1,1,NA,NA,NA,NA,2.056324363,2,3,DUB,JAS
391,2024-01-16_10,1,NA,NA,NA,NA,2.794684873,2,3,DUB,JAS
392,2024-01-16_11,3,NA,NA,NA,NA,3.179283601,2,3,DUB,JAS
393,2024-01-16_12,1,NA,NA,NA,NA,2.974231001,2,3,DUB,JAS
394,2024-01-16_13,1,NA,NA,NA,NA,4.416631434,2,3,VLP,DUB
395,2024-01-16_14,4,NA,NA,NA,NA,3.692415311,2,3,VLP,DUB
396,2024-01-16_15,1,NA,NA,NA,NA,2.636063,2,3,VLP,DUB
397,2024-01-16_16,1,NA,NA,NA,NA,3.179283601,2,3,VLP,DUB
398,2024-01-16_17,1,NA,NA,NA,NA,3.179283601,2,3,VLP,DUB
399,2024-01-16_18,2,NA,NA,NA,NA,2.794684873,2,3,VLP,DUB
401,2024-01-16_19,4,NA,NA,NA,NA,2.636063,2,3,VLP,DUB
404,2024-01-16_2,1,NA,NA,NA,NA,1.970069339,2,3,DUB,JAS
405,2024-01-16_20,2,NA,NA,NA,NA,3.692415311,2,3,VLP,DUB
406,2024-01-16_21,1,NA,NA,NA,NA,1.6876062,2,3,VLP,DUB
407,2024-01-16_22,4,NA,NA,NA,NA,1.970069339,2,3,JAS,VLP
411,2024-01-16_23,3,NA,NA,NA,NA,2.056324363,2,3,JAS,VLP
412,2024-01-16_24,6,3,NA,1,1,2.794684873,2,2,JAS,VLP
414,2024-01-16_25,1,NA,NA,NA,NA,1.050709278,2,2,JAS,VLP
415,2024-01-16_26,2,NA,NA,NA,NA,1.431784249,2,2,JAS,VLP
416,2024-01-16_27,3,NA,NA,NA,NA,2.794684873,2,2,JAS,VLP
418,2024-01-16_28,2,NA,NA,NA,NA,1.431784249,2,2,JAS,VLP
419,2024-01-16_29,4,NA,NA,NA,NA,2.056324363,2,2,JAS,VLP
421,2024-01-16_3,1,NA,NA,NA,NA,2.494838594,2,3,DUB,JAS
422,2024-01-16_30,2,NA,NA,NA,NA,4.907045541,2,2,JAS,VLP
423,2024-01-16_31,1,NA,NA,NA,NA,4.020357692,2,2,JAS,VLP
424,2024-01-16_32,2,NA,NA,NA,NA,3.179283601,2,2,JAS,VLP
426,2024-01-16_33,2,NA,NA,NA,NA,1.050709278,2,2,JAS,VLP
428,2024-01-16_34,2,NA,NA,NA,NA,3.179283601,2,2,JAS,VLP
429,2024-01-16_35,1,NA,NA,NA,NA,3.179283601,2,2,JAS,VLP
430,2024-01-16_36,3,NA,NA,NA,NA,2.368248371,2,2,DUB,JAS
431,2024-01-16_37,1,NA,NA,NA,NA,4.020357692,2,2,DUB,JAS
432,2024-01-16_38,2,NA,NA,NA,NA,4.416631434,2,2,DUB,JAS
434,2024-01-16_39,1,NA,NA,NA,NA,2.636063,2,2,DUB,JAS
435,2024-01-16_4,1,NA,NA,NA,NA,2.636063,2,3,DUB,JAS
436,2024-01-16_40,3,NA,NA,NA,NA,3.692415311,2,2,DUB,JAS
437,2024-01-16_41,2,NA,NA,NA,NA,2.794684873,2,2,DUB,JAS
438,2024-01-16_42,1,NA,NA,NA,NA,1.431784249,2,2,DUB,JAS
439,2024-01-16_43,1,NA,NA,NA,NA,5.533726889,2,2,DUB,JAS
440,2024-01-16_44,1,NA,NA,NA,NA,2.974231001,2,2,DUB,JAS
441,2024-01-16_45,2,NA,NA,NA,NA,3.179283601,2,2,DUB,JAS
442,2024-01-16_46,1,NA,NA,NA,NA,3.179283601,2,2,DUB,JAS
443,2024-01-16_47,6,NA,NA,NA,NA,2.974231001,2,2,DUB,JAS
444,2024-01-16_48,3,NA,NA,NA,NA,2.974231001,2,2,DUB,JAS
446,2024-01-16_49,1,NA,NA,NA,NA,2.056324363,2,2,DUB,JAS
447,2024-01-16_5,2,NA,NA,NA,NA,2.636063,2,3,DUB,JAS
448,2024-01-16_51,7,NA,NA,NA,NA,2.636063,2,2,DUB,JAS
451,2024-01-16_52,1,NA,NA,NA,NA,3.179283601,2,2,DUB,JAS
453,2024-01-16_53,4,NA,NA,NA,NA,2.794684873,2,2,DUB,JAS
455,2024-01-16_54,1,NA,NA,NA,NA,3.415921982,2,2,VLP,DUB
457,2024-01-16_55,1,3,NA,0,1,2.794684873,2,2,VLP,DUB
460,2024-01-16_56,2,NA,NA,NA,NA,6.372200982,2,2,VLP,DUB
461,2024-01-16_57,1,NA,NA,NA,NA,6.372200982,2,2,VLP,DUB
462,2024-01-16_58,2,NA,NA,NA,NA,6.372200982,2,2,VLP,DUB
463,2024-01-16_59,1,NA,NA,NA,NA,2.794684873,2,2,VLP,DUB
464,2024-01-16_6,2,NA,NA,NA,NA,2.974231001,2,3,DUB,JAS
465,2024-01-16_60,1,NA,NA,NA,NA,6.372200982,2,2,VLP,DUB
466,2024-01-16_61,2,NA,NA,NA,NA,6.372200982,2,2,VLP,DUB
468,2024-01-16_62,1,NA,NA,NA,NA,6.372200982,2,2,VLP,DUB
470,2024-01-16_63,3,NA,NA,NA,NA,4.907045541,2,2,VLP,DUB
471,2024-01-16_64,5,NA,NA,NA,NA,2.636063,2,2,VLP,DUB
473,2024-01-16_65,1,NA,NA,NA,NA,2.794684873,2,2,VLP,DUB
474,2024-01-16_66,2,NA,NA,NA,NA,6.372200982,2,2,VLP,DUB
475,2024-01-16_67,3,NA,NA,NA,NA,2.794684873,2,2,JAS,VLP
477,2024-01-16_68,1,NA,NA,NA,NA,2.056324363,2,2,JAS,VLP
478,2024-01-16_69,5,NA,NA,NA,NA,2.974231001,2,2,JAS,VLP
480,2024-01-16_7,1,NA,NA,NA,NA,4.907045541,2,3,DUB,JAS
481,2024-01-16_70,1,NA,NA,NA,NA,2.368248371,2,2,JAS,VLP
483,2024-01-16_71,2,NA,NA,NA,NA,2.794684873,2,2,JAS,VLP
484,2024-01-16_72,4,NA,NA,NA,NA,2.794684873,2,2,JAS,VLP
485,2024-01-16_73,6,NA,NA,NA,NA,2.794684873,2,2,JAS,VLP
486,2024-01-16_74,6,NA,NA,NA,NA,2.368248371,2,2,JAS,VLP
488,2024-01-16_75,2,NA,NA,NA,NA,3.179283601,2,2,JAS,VLP
490,2024-01-16_76,2,NA,NA,NA,NA,2.636063,2,2,JAS,VLP
491,2024-01-16_77,2,NA,NA,NA,NA,1.75026497,2,2,JAS,VLP
493,2024-01-16_78,5,NA,NA,NA,NA,2.974231001,2,3,JAS,VLP
496,2024-01-16_79,1,NA,NA,NA,NA,3.692415311,2,2,JAS,VLP
497,2024-01-16_8,1,NA,NA,NA,NA,2.368248371,2,3,DUB,JAS
498,2024-01-16_80,5,NA,NA,NA,NA,2.974231001,2,3,JAS,VLP
500,2024-01-16_81,4,NA,NA,NA,NA,2.974231001,2,3,JAS,VLP
502,2024-01-16_82,2,NA,NA,NA,NA,3.415921982,2,3,JAS,VLP
503,2024-01-16_83,3,NA,NA,NA,NA,4.020357692,2,3,JAS,VLP
504,2024-01-16_9,1,NA,NA,NA,NA,2.636063,2,3,DUB,JAS
505,2024-01-17_10,1,NA,NA,NA,NA,2.494838594,2,4,DUB,JAS
506,2024-01-17_11,4,NA,NA,NA,NA,3.692415311,2,3,DUB,JAS
507,2024-01-17_12,1,NA,NA,NA,NA,2.636063,2,3,DUB,JAS
509,2024-01-17_13,2,NA,NA,NA,NA,2.974231001,2,3,DUB,JAS
512,2024-01-17_14,1,NA,NA,NA,NA,2.254093657,2,3,DUB,JAS
513,2024-01-17_15,2,NA,NA,NA,NA,4.416631434,2,3,DUB,JAS
515,2024-01-17_16,1,NA,NA,NA,NA,3.415921982,2,3,DUB,JAS
516,2024-01-17_17,2,NA,NA,NA,NA,1.970069339,3,3,DUB,JAS
519,2024-01-17_18,1,NA,NA,NA,NA,4.020357692,3,3,DUB,JAS
520,2024-01-17_19,2,NA,NA,NA,NA,4.907045541,3,3,DUB,JAS
523,2024-01-17_2,1,NA,NA,NA,NA,0.474317661,2,3,JAS,VLP
524,2024-01-17_20,2,NA,NA,NA,NA,2.636063,3,3,DUB,JAS
525,2024-01-17_21,2,NA,NA,NA,NA,9.588884243,3,3,DUB,JAS
526,2024-01-17_22,2,NA,NA,NA,NA,1.817809866,3,3,DUB,JAS
527,2024-01-17_23,2,NA,NA,NA,NA,2.636063,3,3,DUB,JAS
529,2024-01-17_24,1,NA,NA,NA,NA,4.907045541,3,3,VLP,DUB
531,2024-01-17_25,1,NA,NA,NA,NA,2.794684873,3,3,VLP,DUB
532,2024-01-17_26,1,NA,NA,NA,NA,2.794684873,3,3,VLP,DUB
533,2024-01-17_27,3,NA,NA,NA,NA,3.179283601,3,3,VLP,DUB
536,2024-01-17_28,2,NA,NA,NA,NA,4.907045541,3,3,VLP,DUB
537,2024-01-17_29,2,NA,NA,NA,NA,1.57495326,3,3,VLP,DUB
540,2024-01-17_3,7,NA,NA,NA,NA,2.056324363,2,3,JAS,VLP
544,2024-01-17_30,1,NA,NA,NA,NA,0.451820531,3,3,VLP,DUB
545,2024-01-17_31,2,NA,NA,NA,NA,3.179283601,3,2,VLP,DUB
547,2024-01-17_32,2,NA,NA,NA,NA,2.056324363,3,2,VLP,DUB
549,2024-01-17_33,4,NA,NA,NA,NA,2.056324363,3,2,VLP,DUB
552,2024-01-17_34,5,NA,NA,NA,NA,4.907045541,4,2,VLP,DUB
555,2024-01-17_35,5,NA,NA,NA,NA,2.254093657,4,2,VLP,DUB
559,2024-01-17_36,3,NA,NA,NA,NA,3.179283601,4,2,JAS,VLP
560,2024-01-17_37,2,NA,NA,NA,NA,2.794684873,4,2,JAS,VLP
562,2024-01-17_38,4,NA,NA,NA,NA,9.588884243,4,2,JAS,VLP
563,2024-01-17_39,1,NA,NA,NA,NA,3.179283601,4,2,JAS,VLP
564,2024-01-17_4,1,NA,NA,NA,NA,1.75026497,2,3,JAS,VLP
565,2024-01-17_40,1,NA,NA,NA,NA,1.817809866,4,2,JAS,VLP
567,2024-01-17_41,1,NA,NA,NA,NA,1.57495326,4,2,JAS,VLP
569,2024-01-17_42,1,NA,NA,NA,NA,3.179283601,4,2,JAS,VLP
570,2024-01-17_43,2,NA,NA,NA,NA,3.179283601,4,2,JAS,VLP
571,2024-01-17_44,1,NA,NA,NA,NA,1.350056812,4,2,JAS,VLP
572,2024-01-17_45,4,NA,NA,NA,NA,1.89084263,4,3,JAS,VLP
575,2024-01-17_46,2,NA,NA,NA,NA,2.494838594,4,3,JAS,VLP
577,2024-01-17_47,3,NA,NA,NA,NA,2.636063,4,3,JAS,VLP
578,2024-01-17_48,4,NA,NA,NA,NA,2.368248371,4,3,JAS,VLP
581,2024-01-17_49,4,NA,NA,NA,NA,2.794684873,4,3,JAS,VLP
582,2024-01-17_5,2,NA,NA,NA,NA,1.57495326,2,3,JAS,VLP
583,2024-01-17_50,8,NA,NA,NA,NA,2.368248371,4,3,JAS,VLP
586,2024-01-17_51,4,NA,NA,NA,NA,2.794684873,4,3,JAS,VLP
588,2024-01-17_52,1,NA,NA,NA,NA,3.179283601,4,3,JAS,VLP
589,2024-01-17_53,4,NA,NA,NA,NA,2.636063,4,3,DUB,JAS
591,2024-01-17_54,5,NA,NA,NA,NA,1.89084263,4,3,DUB,JAS
593,2024-01-17_55,5,NA,NA,NA,NA,3.179283601,4,3,DUB,JAS
594,2024-01-17_56,2,NA,NA,NA,NA,1.75026497,4,3,DUB,JAS
595,2024-01-17_57,4,NA,NA,NA,NA,2.974231001,4,3,DUB,JAS
596,2024-01-17_58,2,NA,NA,NA,NA,2.974231001,4,3,DUB,JAS
597,2024-01-17_59,3,NA,NA,NA,NA,2.056324363,4,3,DUB,JAS
598,2024-01-17_6,1,NA,NA,NA,NA,1.629317416,2,3,JAS,VLP
599,2024-01-17_60,4,NA,NA,NA,NA,2.494838594,4,3,DUB,JAS
601,2024-01-17_61,1,NA,NA,NA,NA,2.794684873,4,3,DUB,JAS
602,2024-01-17_62,3,NA,NA,NA,NA,2.794684873,4,3,DUB,JAS
603,2024-01-17_63,1,NA,NA,NA,NA,2.494838594,4,3,DUB,JAS
604,2024-01-17_64,2,NA,NA,NA,NA,2.636063,4,3,DUB,JAS
605,2024-01-17_65,1,NA,NA,NA,NA,3.179283601,4,3,DUB,JAS
606,2024-01-17_66,1,NA,NA,NA,NA,3.415921982,4,3,DUB,JAS
607,2024-01-17_67,1,NA,NA,NA,NA,2.794684873,4,3,DUB,JAS
608,2024-01-17_68,1,NA,NA,NA,NA,2.974231001,4,3,DUB,JAS
610,2024-01-17_69,2,NA,NA,NA,NA,1.27720475,4,3,DUB,JAS
611,2024-01-17_7,5,NA,NA,NA,NA,2.636063,2,3,JAS,VLP
613,2024-01-17_70,1,NA,NA,NA,NA,3.179283601,4,3,DUB,JAS
614,2024-01-17_71,2,NA,NA,NA,NA,3.179283601,4,3,DUB,JAS
615,2024-01-17_72,1,NA,NA,NA,NA,7.579515404,4,3,DUB,JAS
616,2024-01-17_73,1,NA,NA,NA,NA,2.150601328,4,3,DUB,JAS
617,2024-01-17_74,1,NA,NA,NA,NA,4.416631434,4,3,DUB,JAS
618,2024-01-17_75,1,NA,NA,NA,NA,7.579515404,4,3,DUB,JAS
619,2024-01-17_76,1,NA,NA,NA,NA,2.056324363,4,3,DUB,JAS
620,2024-01-17_77,2,NA,NA,NA,NA,3.179283601,4,3,DUB,JAS
621,2024-01-17_78,1,NA,NA,NA,NA,1.57495326,4,3,DUB,JAS
622,2024-01-17_79,2,NA,NA,NA,NA,7.579515404,4,3,DUB,JAS
623,2024-01-17_8,1,NA,NA,NA,NA,9.588884243,2,3,JAS,VLP
624,2024-01-17_80,2,NA,NA,NA,NA,3.179283601,4,3,DUB,JAS
625,2024-01-17_81,1,NA,NA,NA,NA,3.179283601,4,3,DUB,JAS
626,2024-01-17_82,1,NA,NA,NA,NA,4.907045541,4,3,DUB,JAS
627,2024-01-17_83,2,NA,NA,NA,NA,3.179283601,4,3,DUB,JAS
628,2024-01-17_84,3,NA,NA,NA,NA,3.179283601,4,3,DUB,JAS
629,2024-01-17_85,2,NA,NA,NA,NA,2.974231001,4,3,DUB,JAS
630,2024-01-17_86,1,NA,NA,NA,NA,3.179283601,4,3,DUB,JAS
631,2024-01-17_87,2,NA,NA,NA,NA,3.692415311,4,3,DUB,JAS
632,2024-01-17_88,2,NA,NA,NA,NA,2.494838594,4,3,DUB,JAS
633,2024-01-17_9,1,NA,NA,NA,NA,3.179283601,2,4,DUB,JAS
634,2024-01-18_1,1,NA,NA,NA,NA,2.368248371,2,3,JAS,VLP
635,2024-01-18_10,3,NA,NA,NA,NA,2.368248371,2,3,JAS,VLP
636,2024-01-18_100,4,NA,NA,NA,NA,1.89084263,4,4,VLP,DUB
638,2024-01-18_101,1,NA,NA,NA,NA,1.75026497,4,4,VLP,DUB
639,2024-01-18_102,1,NA,NA,NA,NA,3.692415311,4,4,VLP,DUB
640,2024-01-18_11,1,NA,NA,NA,NA,4.907045541,2,3,JAS,VLP
641,2024-01-18_12,1,NA,NA,NA,NA,2.794684873,2,3,JAS,VLP
642,2024-01-18_13,1,NA,NA,NA,NA,2.368248371,2,3,JAS,VLP
644,2024-01-18_14,1,NA,NA,NA,NA,2.794684873,2,3,JAS,VLP
645,2024-01-18_15,2,NA,NA,NA,NA,3.179283601,2,3,JAS,VLP
646,2024-01-18_16,1,NA,NA,NA,NA,4.020357692,2,3,JAS,VLP
647,2024-01-18_17,1,NA,NA,NA,NA,2.636063,2,3,JAS,VLP
648,2024-01-18_18,1,NA,NA,NA,NA,2.150601328,2,3,DUB,JAS
649,2024-01-18_19,1,NA,NA,NA,NA,1.89084263,2,3,DUB,JAS
651,2024-01-18_2,1,NA,NA,NA,NA,2.254093657,2,3,JAS,VLP
652,2024-01-18_20,2,NA,NA,NA,NA,1.970069339,2,3,DUB,JAS
653,2024-01-18_21,1,NA,NA,NA,NA,2.056324363,2,3,DUB,JAS
654,2024-01-18_22,1,NA,NA,NA,NA,1.89084263,2,3,DUB,JAS
655,2024-01-18_23,1,NA,NA,NA,NA,2.794684873,2,3,DUB,JAS
656,2024-01-18_24,2,NA,NA,NA,NA,3.179283601,2,3,DUB,JAS
657,2024-01-18_25,2,NA,NA,NA,NA,2.636063,2,3,DUB,JAS
658,2024-01-18_26,3,NA,NA,NA,NA,1.89084263,2,3,DUB,JAS
659,2024-01-18_27,1,NA,NA,NA,NA,1.050709278,2,3,DUB,JAS
660,2024-01-18_28,2,NA,NA,NA,NA,1.817809866,2,3,DUB,JAS
661,2024-01-18_29,1,NA,NA,NA,NA,1.89084263,2,3,DUB,JAS
662,2024-01-18_3,1,NA,NA,NA,NA,9.588884243,2,3,JAS,VLP
663,2024-01-18_30,2,NA,NA,NA,NA,2.636063,2,3,DUB,JAS
664,2024-01-18_31,1,NA,NA,NA,NA,1.89084263,2,2,DUB,JAS
667,2024-01-18_32,2,NA,NA,NA,NA,1.89084263,2,2,DUB,JAS
669,2024-01-18_33,1,NA,NA,NA,NA,2.636063,2,2,DUB,JAS
670,2024-01-18_34,4,NA,NA,NA,NA,2.368248371,2,2,DUB,JAS
671,2024-01-18_35,2,NA,NA,NA,NA,1.57495326,2,2,DUB,JAS
672,2024-01-18_36,2,NA,NA,NA,NA,2.056324363,2,2,DUB,JAS
673,2024-01-18_37,3,NA,NA,NA,NA,1.75026497,2,3,DUB,JAS
676,2024-01-18_38,2,NA,NA,NA,NA,1.89084263,2,2,DUB,JAS
677,2024-01-18_39,2,NA,NA,NA,NA,2.794684873,2,2,DUB,JAS
678,2024-01-18_4,4,NA,NA,NA,NA,2.974231001,2,3,JAS,VLP
680,2024-01-18_40,1,NA,NA,NA,NA,3.692415311,2,2,DUB,JAS
681,2024-01-18_41,1,NA,NA,NA,NA,1.350056812,2,2,DUB,JAS
682,2024-01-18_42,3,NA,NA,NA,NA,1.817809866,2,2,DUB,JAS
683,2024-01-18_43,1,NA,NA,NA,NA,1.57495326,2,3,VLP,DUB
684,2024-01-18_44,4,NA,NA,NA,NA,1.75026497,2,3,VLP,DUB
685,2024-01-18_45,2,NA,NA,NA,NA,1.27720475,2,3,VLP,DUB
687,2024-01-18_46,4,NA,NA,NA,NA,2.368248371,2,3,VLP,DUB
689,2024-01-18_47,3,NA,NA,NA,NA,2.636063,2,3,VLP,DUB
693,2024-01-18_48,1,NA,NA,NA,NA,3.179283601,2,3,VLP,DUB
694,2024-01-18_5,2,NA,NA,NA,NA,2.974231001,2,3,JAS,VLP
697,2024-01-18_50,1,NA,NA,NA,NA,6.372200982,2,3,VLP,DUB
698,2024-01-18_51,1,NA,NA,NA,NA,7.579515404,2,3,VLP,DUB
700,2024-01-18_52,2,NA,NA,NA,NA,4.907045541,2,3,VLP,DUB
701,2024-01-18_53,4,NA,NA,NA,NA,2.494838594,2,3,VLP,DUB
703,2024-01-18_54,1,NA,NA,NA,NA,2.056324363,2,3,VLP,DUB
704,2024-01-18_55,2,NA,NA,NA,NA,2.794684873,3,3,JAS,VLP
706,2024-01-18_56,2,NA,NA,NA,NA,2.368248371,2,3,JAS,VLP
707,2024-01-18_57,3,NA,NA,NA,NA,2.636063,3,3,JAS,VLP
709,2024-01-18_58,2,NA,NA,NA,NA,4.020357692,3,3,JAS,VLP
710,2024-01-18_59,2,NA,NA,NA,NA,3.179283601,3,3,JAS,VLP
712,2024-01-18_6,1,NA,NA,NA,NA,2.368248371,2,3,JAS,VLP
714,2024-01-18_60,2,NA,NA,NA,NA,3.179283601,3,3,JAS,VLP
715,2024-01-18_61,2,NA,NA,NA,NA,2.636063,3,3,JAS,VLP
716,2024-01-18_62,3,NA,NA,NA,NA,3.179283601,3,3,JAS,VLP
717,2024-01-18_63,1,NA,NA,NA,NA,2.974231001,3,3,JAS,VLP
718,2024-01-18_64,1,NA,NA,NA,NA,4.907045541,4,4,JAS,VLP
719,2024-01-18_65,1,NA,NA,NA,NA,2.636063,4,4,JAS,VLP
720,2024-01-18_66,1,NA,NA,NA,NA,6.372200982,4,4,JAS,VLP
721,2024-01-18_67,1,NA,NA,NA,NA,4.907045541,4,4,JAS,VLP
722,2024-01-18_68,1,NA,NA,NA,NA,7.579515404,4,4,DUB,JAS
723,2024-01-18_69,3,NA,NA,NA,NA,2.974231001,4,4,DUB,JAS
724,2024-01-18_7,1,NA,NA,NA,NA,3.415921982,2,3,JAS,VLP
725,2024-01-18_70,1,NA,NA,NA,NA,4.416631434,4,4,DUB,JAS
726,2024-01-18_71,1,NA,NA,NA,NA,7.579515404,4,4,DUB,JAS
727,2024-01-18_72,2,NA,NA,NA,NA,4.907045541,4,4,DUB,JAS
728,2024-01-18_73,1,NA,NA,NA,NA,1.89084263,4,4,DUB,JAS
729,2024-01-18_74,1,NA,NA,NA,NA,4.020357692,4,4,DUB,JAS
730,2024-01-18_75,2,NA,NA,NA,NA,2.794684873,4,4,DUB,JAS
731,2024-01-18_76,3,NA,NA,NA,NA,3.179283601,4,4,DUB,JAS
732,2024-01-18_77,2,NA,NA,NA,NA,0.499177783,4,4,DUB,JAS
733,2024-01-18_78,1,NA,NA,NA,NA,2.636063,4,4,DUB,JAS
734,2024-01-18_79,2,NA,NA,NA,NA,2.056324363,4,4,DUB,JAS
735,2024-01-18_8,1,NA,NA,NA,NA,1.89084263,2,3,JAS,VLP
736,2024-01-18_80,2,NA,NA,NA,NA,2.494838594,4,4,DUB,JAS
737,2024-01-18_81,1,NA,NA,NA,NA,3.415921982,4,4,DUB,JAS
738,2024-01-18_82,2,NA,NA,NA,NA,2.636063,4,4,DUB,JAS
739,2024-01-18_83,3,NA,NA,NA,NA,4.020357692,4,4,DUB,JAS
740,2024-01-18_84,2,NA,NA,NA,NA,2.150601328,4,4,DUB,JAS
741,2024-01-18_85,1,NA,NA,NA,NA,3.179283601,4,4,DUB,JAS
742,2024-01-18_86,2,NA,NA,NA,NA,2.056324363,4,4,DUB,JAS
743,2024-01-18_87,2,NA,NA,NA,NA,2.794684873,4,4,DUB,JAS
745,2024-01-18_88,1,NA,NA,NA,NA,3.415921982,4,4,VLP,DUB
746,2024-01-18_89,2,NA,NA,NA,NA,4.416631434,4,4,VLP,DUB
747,2024-01-18_9,1,NA,NA,NA,NA,2.794684873,2,3,JAS,VLP
748,2024-01-18_90,2,NA,NA,NA,NA,2.368248371,4,4,VLP,DUB
751,2024-01-18_91,3,NA,NA,NA,NA,2.636063,4,4,VLP,DUB
754,2024-01-18_92,1,NA,NA,NA,NA,2.056324363,4,4,VLP,DUB
755,2024-01-18_93,1,NA,NA,NA,NA,2.794684873,4,4,VLP,DUB
757,2024-01-18_94,2,NA,NA,NA,NA,2.368248371,4,4,VLP,DUB
758,2024-01-18_95,3,NA,NA,NA,NA,2.636063,4,4,VLP,DUB
759,2024-01-18_96,2,NA,NA,NA,NA,1.89084263,4,4,VLP,DUB
761,2024-01-18_97,3,NA,NA,NA,NA,2.368248371,4,4,VLP,DUB
763,2024-01-18_98,3,NA,NA,NA,NA,1.6876062,4,4,VLP,DUB
765,2024-01-18_99,2,NA,NA,NA,NA,2.056324363,4,4,VLP,DUB
767,2024-01-19_1,1,NA,NA,NA,NA,3.415921982,4,4,DUB,JAS
768,2024-01-19_10,2,NA,NA,NA,NA,1.89084263,4,4,DUB,JAS
769,2024-01-19_11,3,NA,NA,NA,NA,2.254093657,4,4,DUB,JAS
770,2024-01-19_12,1,NA,NA,NA,NA,2.794684873,4,4,DUB,JAS
771,2024-01-19_13,1,NA,NA,NA,NA,5.533726889,4,4,DUB,JAS
772,2024-01-19_14,1,NA,NA,NA,NA,2.056324363,4,4,DUB,JAS
773,2024-01-19_15,1,NA,NA,NA,NA,2.794684873,4,4,DUB,JAS
774,2024-01-19_16,1,NA,NA,NA,NA,2.056324363,4,4,JAS,VLP
776,2024-01-19_17,1,NA,NA,NA,NA,3.179283601,4,4,VLP,DUB
777,2024-01-19_18,1,NA,NA,NA,NA,2.794684873,4,4,VLP,DUB
778,2024-01-19_19,2,NA,NA,NA,NA,3.179283601,4,4,VLP,DUB
779,2024-01-19_2,2,NA,NA,NA,NA,2.368248371,4,4,DUB,JAS
780,2024-01-19_20,2,NA,NA,NA,NA,3.179283601,4,4,JAS,VLP
781,2024-01-19_21,1,NA,NA,NA,NA,1.350056812,4,4,JAS,VLP
782,2024-01-19_22,2,NA,NA,NA,NA,2.368248371,4,4,JAS,VLP
783,2024-01-19_23,1,NA,NA,NA,NA,1.476502739,4,4,JAS,VLP
785,2024-01-19_24,1,NA,NA,NA,NA,3.179283601,4,4,JAS,VLP
786,2024-01-19_25,4,NA,NA,NA,NA,2.794684873,4,4,JAS,VLP
787,2024-01-19_26,5,NA,NA,NA,NA,2.056324363,4,4,JAS,VLP
788,2024-01-19_27,3,NA,NA,NA,NA,2.056324363,4,4,JAS,VLP
789,2024-01-19_28,1,NA,NA,NA,NA,3.179283601,4,4,JAS,VLP
790,2024-01-19_3,2,NA,NA,NA,NA,1.099419436,4,4,DUB,JAS
791,2024-01-19_4,2,NA,NA,NA,NA,2.056324363,4,4,DUB,JAS
792,2024-01-19_5,2,NA,NA,NA,NA,1.89084263,4,4,DUB,JAS
793,2024-01-19_6,2,NA,NA,NA,NA,2.150601328,4,4,DUB,JAS
796,2024-01-19_7,2,NA,NA,NA,NA,1.099419436,4,4,DUB,JAS
797,2024-01-19_8,2,NA,NA,NA,NA,1.89084263,4,4,DUB,JAS
799,2024-01-19_9,2,NA,NA,NA,NA,2.056324363,4,4,DUB,JAS
800,2024-01-22_1,2,NA,NA,NA,NA,2.368248371,3,4,JEM,PCF
801,2024-01-22_10,1,NA,NA,NA,NA,3.179283601,2,4,PCF,DWW
802,2024-01-22_11,2,NA,NA,NA,NA,3.415921982,2,3,PCF,DWW
804,2024-01-22_12,1,NA,NA,NA,NA,2.794684873,2,4,PCF,DWW
805,2024-01-22_13,2,NA,NA,NA,NA,2.368248371,2,3,PCF,DWW
808,2024-01-22_14,4,NA,NA,NA,NA,2.368248371,2,2,JEM,PCF
812,2024-01-22_15,1,NA,NA,NA,NA,0.860301852,2,2,JEM,PCF
815,2024-01-22_16,1,NA,NA,NA,NA,1.89084263,2,2,JEM,PCF
816,2024-01-22_17,2,NA,NA,NA,NA,4.416631434,2,2,JEM,PCF
820,2024-01-22_18,3,NA,NA,NA,NA,4.416631434,2,2,DWW,JEM
823,2024-01-22_19,1,NA,NA,NA,NA,2.636063,2,2,DWW,JEM
824,2024-01-22_2,4,NA,NA,NA,NA,1.75026497,3,4,JEM,PCF
828,2024-01-22_20,3,NA,NA,NA,NA,1.27720475,2,2,DWW,JEM
830,2024-01-22_21,2,NA,NA,NA,NA,2.150601328,2,2,PCF,DWW
832,2024-01-22_22,3,NA,NA,NA,NA,2.368248371,2,2,PCF,DWW
835,2024-01-22_23,2,NA,NA,NA,NA,3.179283601,2,2,PCF,DWW
837,2024-01-22_24,3,NA,NA,NA,NA,2.494838594,2,2,PCF,DWW
839,2024-01-22_25,1,NA,NA,NA,NA,2.794684873,2,2,PCF,DWW
840,2024-01-22_26,4,NA,NA,NA,NA,2.368248371,2,2,PCF,DWW
841,2024-01-22_27,3,NA,NA,NA,NA,3.415921982,2,2,PCF,DWW
842,2024-01-22_28,2,NA,NA,NA,NA,2.150601328,2,2,PCF,DWW
843,2024-01-22_29,3,NA,NA,NA,NA,1.89084263,2,2,PCF,DWW
844,2024-01-22_3,2,NA,NA,NA,NA,0.72843567,3,4,JEM,PCF
845,2024-01-22_30,3,NA,NA,NA,NA,2.150601328,2,2,PCF,DWW
846,2024-01-22_4,4,NA,NA,NA,NA,2.254093657,2,3,JEM,PCF
849,2024-01-22_5,1,NA,NA,NA,NA,1.75026497,2,3,JEM,PCF
852,2024-01-22_6,2,NA,NA,NA,NA,1.181630244,2,4,DWW,JEM
854,2024-01-22_7,1,NA,NA,NA,NA,1.476502739,2,4,DWW,JEM
855,2024-01-22_8,1,NA,NA,NA,NA,0.945988647,2,4,DWW,JEM
856,2024-01-22_9,3,NA,NA,NA,NA,1.431784249,2,4,DWW,JEM
857,2024-01-23_1,2,NA,NA,NA,NA,2.794684873,3,3,DWW,JEM
860,2024-01-23_10,2,NA,NA,NA,NA,2.974231001,4,2,JEM,PCF
863,2024-01-23_11,1,NA,NA,NA,NA,4.907045541,4,2,JEM,PCF
865,2024-01-23_12,4,NA,NA,NA,NA,2.368248371,4,2,JEM,PCF
868,2024-01-23_13,3,NA,NA,NA,NA,2.368248371,4,2,JEM,PCF
870,2024-01-23_14,6,NA,NA,NA,NA,2.794684873,4,2,JEM,PCF
873,2024-01-23_15,3,NA,NA,NA,NA,2.494838594,4,2,JEM,PCF
877,2024-01-23_16,2,NA,NA,NA,NA,0.788882523,4,2,JEM,PCF
879,2024-01-23_17,4,NA,NA,NA,NA,2.056324363,4,2,JEM,PCF
880,2024-01-23_18,1,NA,NA,NA,NA,2.368248371,4,2,JEM,PCF
881,2024-01-23_19,2,NA,NA,NA,NA,2.794684873,4,2,DWW,JEM
883,2024-01-23_2,5,NA,NA,NA,NA,2.794684873,3,3,DWW,JEM
888,2024-01-23_20,4,NA,NA,NA,NA,2.794684873,4,3,DWW,JEM
891,2024-01-23_21,1,NA,NA,NA,NA,3.692415311,4,3,DWW,JEM
892,2024-01-23_22,4,NA,NA,NA,NA,3.179283601,4,3,DWW,JEM
894,2024-01-23_23,1,NA,NA,NA,NA,3.692415311,4,3,DWW,JEM
895,2024-01-23_24,2,NA,NA,NA,NA,3.692415311,4,3,DWW,JEM
896,2024-01-23_25,1,NA,NA,NA,NA,2.368248371,4,3,DWW,JEM
898,2024-01-23_26,2,NA,NA,NA,NA,4.907045541,4,3,DWW,JEM
899,2024-01-23_27,1,NA,NA,NA,NA,4.020357692,3,2,DWW,JEM
901,2024-01-23_28,1,NA,NA,NA,NA,2.974231001,3,2,PCF,DWW
904,2024-01-23_29,2,NA,NA,NA,NA,2.494838594,3,2,PCF,DWW
906,2024-01-23_3,1,NA,NA,NA,NA,3.415921982,3,3,DWW,JEM
907,2024-01-23_30,4,NA,NA,NA,NA,2.636063,3,3,PCF,DWW
910,2024-01-23_31,2,NA,NA,NA,NA,3.415921982,3,3,PCF,DWW
911,2024-01-23_32,2,NA,NA,NA,NA,3.692415311,3,3,PCF,DWW
913,2024-01-23_33,1,NA,NA,NA,NA,2.150601328,3,3,PCF,DWW
914,2024-01-23_34,2,NA,NA,NA,NA,2.794684873,3,3,PCF,DWW
916,2024-01-23_35,2,NA,NA,NA,NA,0.33926705,3,3,PCF,DWW
917,2024-01-23_36,3,NA,NA,NA,NA,2.150601328,4,3,PCF,DWW
921,2024-01-23_37,1,NA,NA,NA,NA,2.150601328,3,3,PCF,DWW
922,2024-01-23_38,4,NA,NA,NA,NA,2.974231001,4,3,PCF,DWW
925,2024-01-23_39,2,NA,NA,NA,NA,2.794684873,4,3,PCF,DWW
928,2024-01-23_4,4,NA,NA,NA,NA,2.794684873,3,3,DWW,JEM
932,2024-01-23_40,2,NA,NA,NA,NA,2.368248371,4,3,JEM,PCF
935,2024-01-23_41,1,NA,NA,NA,NA,9.588884243,4,3,JEM,PCF
936,2024-01-23_42,1,NA,NA,NA,NA,2.636063,4,3,JEM,PCF
939,2024-01-23_43,3,NA,NA,NA,NA,2.794684873,4,3,JEM,PCF
941,2024-01-23_44,2,NA,NA,NA,NA,3.179283601,4,3,JEM,PCF
942,2024-01-23_45,5,NA,NA,NA,NA,2.494838594,4,3,JEM,PCF
944,2024-01-23_5,2,NA,NA,NA,NA,2.150601328,3,3,DWW,JEM
948,2024-01-23_6,3,NA,NA,NA,NA,2.254093657,3,3,DWW,JEM
955,2024-01-23_7,2,NA,NA,NA,NA,2.254093657,3,3,PCF,DWW
959,2024-01-23_8,3,NA,NA,NA,NA,1.89084263,3,3,PCF,DWW
961,2024-01-24_1,1,NA,NA,NA,NA,1.27720475,4,4,PCF,DWW
962,2024-01-24_10,4,NA,NA,NA,NA,2.974231001,4,4,JEM,PCF
963,2024-01-24_11,4,NA,NA,NA,NA,3.415921982,4,4,DWW,JEM
966,2024-01-24_12,1,NA,NA,NA,NA,1.970069339,4,4,DWW,JEM
968,2024-01-24_13,1,NA,NA,NA,NA,3.692415311,4,4,DWW,JEM
969,2024-01-24_14,2,NA,NA,NA,NA,2.254093657,4,4,DWW,JEM
972,2024-01-24_15,2,NA,NA,NA,NA,2.494838594,4,4,DWW,JEM
974,2024-01-24_16,3,NA,NA,NA,NA,1.970069339,4,4,DWW,JEM
975,2024-01-24_17,2,NA,NA,NA,NA,2.368248371,4,4,DWW,JEM
977,2024-01-24_18,1,NA,NA,NA,NA,1.57495326,4,4,DWW,JEM
978,2024-01-24_2,1,NA,NA,NA,NA,1.181630244,4,4,PCF,DWW
979,2024-01-24_3,1,NA,NA,NA,NA,2.368248371,4,4,PCF,DWW
980,2024-01-24_4,1,NA,NA,NA,NA,2.636063,4,4,JEM,PCF
981,2024-01-24_5,1,NA,NA,NA,NA,4.907045541,4,4,JEM,PCF
982,2024-01-24_6,2,NA,NA,NA,NA,2.368248371,4,4,JEM,PCF
984,2024-01-24_8,3,NA,NA,NA,NA,2.794684873,4,4,JEM,PCF
987,2024-01-24_9,6,NA,NA,NA,NA,2.368248371,4,4,JEM,PCF
990,2025-01-13_1,1,NA,NA,NA,NA,3.179283601,3,4,DWW,ACH
991,2025-01-13_10,1,NA,NA,NA,NA,1.431784249,3,2,PCF,DWW
992,2025-01-13_11,2,NA,NA,NA,NA,2.794684873,3,2,PCF,DWW
993,2025-01-13_12,2,NA,NA,NA,NA,1.970069339,3,3,PCF,DWW
996,2025-01-13_13,1,NA,NA,NA,NA,2.368248371,3,3,PCF,DWW
998,2025-01-13_14,1,NA,NA,NA,NA,1.181630244,3,3,PCF,DWW
999,2025-01-13_15,1,NA,NA,NA,NA,2.368248371,3,3,PCF,DWW
1000,2025-01-13_16,2,NA,NA,NA,NA,2.794684873,2,2,ACH,PCF
1003,2025-01-13_17,2,NA,NA,NA,NA,2.056324363,3,2,ACH,PCF
1006,2025-01-13_19,1,NA,NA,NA,NA,2.368248371,2,2,ACH,PCF
1008,2025-01-13_2,2,NA,NA,NA,NA,1.524127345,4,3,DWW,ACH
1009,2025-01-13_20,1,NA,NA,NA,NA,1.89084263,2,2,ACH,PCF
1010,2025-01-13_21,2,NA,NA,NA,NA,2.150601328,3,2,DWW,ACH
1012,2025-01-13_22,2,NA,NA,NA,NA,3.179283601,3,2,DWW,ACH
1014,2025-01-13_23,1,NA,NA,NA,NA,2.368248371,3,2,DWW,ACH
1015,2025-01-13_24,2,NA,NA,NA,NA,2.794684873,3,2,DWW,ACH
1016,2025-01-13_25,3,NA,NA,NA,NA,2.794684873,3,2,DWW,ACH
1017,2025-01-13_26,2,NA,NA,NA,NA,2.636063,3,2,DWW,ACH
1019,2025-01-13_27,7,NA,NA,NA,NA,2.368248371,3,2,DWW,ACH
1020,2025-01-13_28,1,NA,NA,NA,NA,2.056324363,3,2,DWW,ACH
1021,2025-01-13_29,2,NA,NA,NA,NA,1.57495326,2,2,PCF,DWW
1023,2025-01-13_3,3,NA,NA,NA,NA,1.099419436,4,3,DWW,ACH
1024,2025-01-13_30,1,NA,NA,NA,NA,2.150601328,2,2,PCF,DWW
1026,2025-01-13_31,1,NA,NA,NA,NA,2.368248371,2,2,PCF,DWW
1028,2025-01-13_32,2,NA,NA,NA,NA,1.89084263,2,2,PCF,DWW
1029,2025-01-13_33,1,2,2,1,1,2.368248371,2,2,PCF,DWW
1030,2025-01-13_34,2,NA,NA,NA,NA,2.368248371,2,2,PCF,DWW
1031,2025-01-13_35,1,NA,NA,NA,NA,2.254093657,2,2,PCF,DWW
1033,2025-01-13_36,2,NA,NA,NA,NA,2.368248371,2,2,PCF,DWW
1034,2025-01-13_37,1,NA,NA,NA,NA,2.494838594,2,2,PCF,DWW
1037,2025-01-13_38,1,NA,NA,NA,NA,1.89084263,2,2,PCF,DWW
1039,2025-01-13_39,2,2,2,0,1,1.57495326,2,2,PCF,DWW
1042,2025-01-13_4,2,NA,NA,NA,NA,1.75026497,3,3,DWW,ACH
1044,2025-01-13_40,1,NA,NA,NA,NA,1.89084263,2,2,PCF,DWW
1045,2025-01-13_41,1,NA,NA,NA,NA,0.965223127,2,2,PCF,DWW
1046,2025-01-13_42,1,1,NA,0,0,1.89084263,2,3,ACH,PCF
1047,2025-01-13_43,2,3,3,0,0,2.368248371,2,3,ACH,PCF
1048,2025-01-13_44,1,NA,NA,NA,NA,1.89084263,2,3,ACH,PCF
1049,2025-01-13_45,1,3,3,1,1,1.89084263,2,3,ACH,PCF
1051,2025-01-13_46,2,NA,NA,NA,NA,2.794684873,2,3,ACH,PCF
1054,2025-01-13_48,1,NA,NA,NA,NA,0.706778863,2,3,ACH,PCF
1055,2025-01-13_49,1,NA,NA,NA,NA,7.579515404,2,3,ACH,PCF
1057,2025-01-13_5,2,NA,NA,NA,NA,3.692415311,3,3,DWW,ACH
1058,2025-01-13_50,2,NA,NA,NA,NA,1.389712113,2,3,ACH,PCF
1059,2025-01-13_51,1,1,1,0,0,2.056324363,2,3,ACH,PCF
1060,2025-01-13_6,1,NA,NA,NA,NA,3.179283601,3,3,DWW,ACH
1061,2025-01-13_7,2,NA,NA,NA,NA,2.494838594,3,2,PCF,DWW
1062,2025-01-13_8,1,NA,NA,NA,NA,2.150601328,3,2,PCF,DWW
1063,2025-01-13_9,5,NA,NA,NA,NA,2.794684873,3,2,PCF,DWW
1068,2025-01-14_1,2,NA,NA,NA,NA,4.416631434,2,3,PCF,DWW
1071,2025-01-14_10,2,NA,NA,NA,NA,3.179283601,2,3,PCF,DWW
1073,2025-01-14_12,3,NA,NA,NA,NA,4.416631434,2,3,PCF,DWW
1074,2025-01-14_13,3,NA,NA,NA,NA,3.179283601,2,2,PCF,DWW
1076,2025-01-14_14,1,NA,NA,NA,NA,1.211850185,2,2,PCF,DWW
1077,2025-01-14_15,1,NA,NA,NA,NA,2.254093657,2,2,PCF,DWW
1079,2025-01-14_16,1,NA,NA,NA,NA,1.89084263,2,2,PCF,DWW
1080,2025-01-14_17,4,NA,NA,NA,NA,2.974231001,2,2,PCF,DWW
1082,2025-01-14_18,1,NA,NA,NA,NA,4.907045541,2,2,PCF,DWW
1083,2025-01-14_19,2,NA,NA,NA,NA,2.150601328,2,2,PCF,DWW
1087,2025-01-14_2,5,NA,NA,NA,NA,2.974231001,2,3,PCF,DWW
1088,2025-01-14_20,2,NA,NA,NA,NA,2.056324363,2,2,PCF,DWW
1090,2025-01-14_21,2,NA,NA,NA,NA,2.368248371,2,2,ACH,PCF
1092,2025-01-14_22,1,NA,NA,NA,NA,2.368248371,2,2,ACH,PCF
1093,2025-01-14_23,1,NA,NA,NA,NA,2.794684873,2,2,ACH,PCF
1095,2025-01-14_24,1,NA,NA,NA,NA,2.974231001,2,2,ACH,PCF
1096,2025-01-14_25,3,NA,NA,NA,NA,2.794684873,2,2,ACH,PCF
1099,2025-01-14_27,1,NA,NA,NA,NA,2.056324363,2,2,ACH,PCF
1102,2025-01-14_28,1,NA,NA,NA,NA,7.579515404,2,2,ACH,PCF
1103,2025-01-14_29,2,NA,NA,NA,NA,2.150601328,2,2,ACH,PCF
1106,2025-01-14_3,1,NA,NA,NA,NA,2.368248371,2,3,PCF,DWW
1107,2025-01-14_31,2,NA,NA,NA,NA,1.89084263,2,2,ACH,PCF
1110,2025-01-14_32,1,NA,NA,NA,NA,1.211850185,2,2,ACH,PCF
1112,2025-01-14_33,1,NA,NA,NA,NA,2.636063,2,2,ACH,PCF
1113,2025-01-14_35,2,NA,NA,NA,NA,1.970069339,2,2,DWW,ACH
1116,2025-01-14_36,1,NA,NA,NA,NA,2.150601328,2,2,DWW,ACH
1117,2025-01-14_37,1,1,1,0,0,1.6876062,2,2,DWW,ACH
1119,2025-01-14_38,3,NA,NA,NA,NA,1.89084263,2,2,DWW,ACH
1121,2025-01-14_39,1,NA,NA,NA,NA,1.970069339,2,2,DWW,ACH
1123,2025-01-14_4,3,NA,NA,NA,NA,2.636063,2,3,PCF,DWW
1125,2025-01-14_40,2,NA,NA,NA,NA,1.89084263,2,2,DWW,ACH
1127,2025-01-14_41,1,NA,NA,NA,NA,1.970069339,2,2,DWW,ACH
1129,2025-01-14_42,1,NA,NA,NA,NA,2.254093657,2,2,DWW,ACH
1130,2025-01-14_43,1,NA,NA,NA,NA,2.494838594,2,2,DWW,ACH
1133,2025-01-14_44,1,NA,NA,NA,NA,2.150601328,2,2,DWW,ACH
1134,2025-01-14_45,3,NA,NA,NA,NA,2.254093657,2,2,PCF,DWW
1136,2025-01-14_46,2,NA,NA,NA,NA,2.636063,2,2,PCF,DWW
1137,2025-01-14_47,3,NA,NA,NA,NA,2.254093657,2,2,PCF,DWW
1139,2025-01-14_49,1,NA,NA,NA,NA,1.89084263,2,2,ACH,PCF
1141,2025-01-14_5,2,NA,NA,NA,NA,2.056324363,2,3,PCF,DWW
1142,2025-01-14_50,1,NA,NA,NA,NA,2.254093657,2,2,ACH,PCF
1143,2025-01-14_51,2,NA,NA,NA,NA,2.494838594,3,2,DWW,ACH
1145,2025-01-14_52,2,NA,NA,NA,NA,2.056324363,3,2,ACH,PCF
1147,2025-01-14_53,1,NA,NA,NA,NA,2.636063,3,2,DWW,ACH
1148,2025-01-14_54,1,NA,NA,NA,NA,2.636063,3,2,DWW,ACH
1149,2025-01-14_55,1,NA,NA,NA,NA,2.636063,3,2,DWW,ACH
1150,2025-01-14_56,1,NA,NA,NA,NA,2.254093657,3,2,DWW,ACH
1151,2025-01-14_57,2,NA,NA,NA,NA,2.056324363,4,3,DWW,ACH
1155,2025-01-14_58,1,NA,NA,NA,NA,1.89084263,4,3,DWW,ACH
1159,2025-01-14_59,5,NA,NA,NA,NA,2.368248371,4,3,DWW,ACH
1161,2025-01-14_60,1,NA,NA,NA,NA,3.179283601,4,3,DWW,ACH
1162,2025-01-14_61,1,NA,NA,NA,NA,2.974231001,4,3,DWW,ACH
1163,2025-01-14_62,1,NA,NA,NA,NA,2.974231001,4,3,DWW,ACH
1164,2025-01-14_7,1,NA,NA,NA,NA,5.533726889,2,3,PCF,DWW
1165,2025-01-14_8,1,NA,NA,NA,NA,2.254093657,2,3,PCF,DWW
1166,2025-01-14_9,2,NA,NA,NA,NA,4.907045541,2,3,PCF,DWW
1167,2025-01-15_1,2,NA,NA,NA,NA,2.636063,2,3,ACH,PCF
1169,2025-01-15_10,3,NA,NA,NA,NA,2.056324363,2,3,DWW,ACH
1172,2025-01-15_12,3,NA,NA,NA,NA,2.494838594,2,2,PCF,DWW
1177,2025-01-15_13,7,6,NA,1,0,2.056324363,2,2,PCF,DWW
1179,2025-01-15_14,1,NA,NA,NA,NA,2.794684873,2,2,PCF,DWW
1180,2025-01-15_15,2,2,NA,1,1,2.254093657,2,2,PCF,DWW
1182,2025-01-15_16,1,NA,NA,NA,NA,1.970069339,3,2,PCF,DWW
1183,2025-01-15_17,2,NA,NA,NA,NA,2.368248371,3,2,ACH,PCF
1186,2025-01-15_18,1,NA,NA,NA,NA,1.57495326,3,2,ACH,PCF
1187,2025-01-15_19,3,4,4,1,0,1.817809866,2,2,ACH,PCF
1190,2025-01-15_2,1,NA,NA,NA,NA,1.817809866,2,4,DWW,ACH
1191,2025-01-15_20,1,NA,NA,NA,NA,3.415921982,2,2,DWW,ACH
1192,2025-01-15_21,1,NA,NA,NA,NA,1.6876062,2,2,DWW,ACH
1194,2025-01-15_22,1,4,4,0,0,2.056324363,2,2,DWW,ACH
1197,2025-01-15_23,1,NA,NA,NA,NA,2.368248371,2,2,DWW,ACH
1199,2025-01-15_24,1,NA,NA,NA,NA,1.817809866,2,2,DWW,ACH
1200,2025-01-15_25,2,NA,NA,NA,NA,1.970069339,2,3,PCF,DWW
1203,2025-01-15_26,4,NA,NA,NA,NA,1.75026497,2,3,PCF,DWW
1205,2025-01-15_27,2,NA,NA,NA,NA,2.636063,2,3,PCF,DWW
1208,2025-01-15_28,4,4,NA,1,0,2.254093657,2,3,PCF,DWW
1210,2025-01-15_3,1,2,NA,1,0,1.524127345,2,3,DWW,ACH
1214,2025-01-15_4,3,4,4,1,0,2.636063,2,3,DWW,ACH
1217,2025-01-15_5,1,NA,NA,NA,NA,3.692415311,2,3,DWW,ACH
1219,2025-01-15_6,4,8,NA,1,1,1.970069339,2,3,DWW,ACH
1224,2025-01-15_7,1,NA,NA,NA,NA,2.636063,2,3,DWW,ACH
1225,2025-01-15_8,1,NA,NA,NA,NA,3.415921982,2,3,DWW,ACH
1226,2025-01-15_9,3,NA,NA,NA,NA,1.524127345,2,3,DWW,ACH
1229,2025-01-16_1,1,NA,NA,NA,NA,2.368248371,2,4,DWW,ACH
1230,2025-01-16_10,4,10,NA,0,0,2.056324363,2,2,PCF,DWW
1231,2025-01-16_11,2,NA,NA,NA,NA,2.254093657,2,2,PCF,DWW
1233,2025-01-16_12,2,NA,NA,NA,NA,2.494838594,2,2,PCF,DWW
1235,2025-01-16_13,2,NA,NA,NA,NA,1.817809866,2,2,PCF,DWW
1236,2025-01-16_14,2,NA,NA,NA,NA,2.794684873,2,2,PCF,DWW
1237,2025-01-16_15,2,NA,NA,NA,NA,3.179283601,2,2,PCF,DWW
1238,2025-01-16_16,3,NA,NA,NA,NA,2.368248371,2,2,PCF,DWW
1241,2025-01-16_17,1,NA,NA,NA,NA,2.254093657,2,2,PCF,DWW
1243,2025-01-16_18,2,NA,NA,NA,NA,2.150601328,2,2,PCF,DWW
1244,2025-01-16_19,3,NA,NA,NA,NA,1.75026497,2,3,PCF,DWW
1247,2025-01-16_2,1,NA,NA,NA,NA,2.794684873,2,4,DWW,ACH
1248,2025-01-16_20,1,NA,NA,NA,NA,1.524127345,2,3,ACH,PCF
1249,2025-01-16_21,1,NA,NA,NA,NA,1.75026497,2,2,ACH,PCF
1251,2025-01-16_22,1,3,NA,1,0,2.794684873,2,2,ACH,PCF
1252,2025-01-16_23,1,NA,NA,NA,NA,2.056324363,2,2,DWW,ACH
1253,2025-01-16_24,2,NA,NA,NA,NA,2.368248371,2,3,DWW,ACH
1255,2025-01-16_25,4,8,NA,1,0,2.368248371,2,3,DWW,ACH
1259,2025-01-16_26,9,NA,NA,NA,NA,2.056324363,2,3,DWW,ACH
1262,2025-01-16_28,1,NA,NA,NA,NA,2.056324363,2,3,DWW,ACH
1264,2025-01-16_29,1,NA,NA,NA,NA,3.179283601,2,3,PCF,DWW
1265,2025-01-16_3,1,NA,NA,NA,NA,2.636063,2,4,DWW,ACH
1268,2025-01-16_30,2,3,3,0,0,1.6876062,2,3,PCF,DWW
1270,2025-01-16_31,2,NA,NA,NA,NA,2.056324363,2,3,PCF,DWW
1271,2025-01-16_32,1,NA,NA,NA,NA,3.692415311,2,3,PCF,DWW
1273,2025-01-16_33,1,4,4,1,0,2.494838594,2,3,PCF,DWW
1274,2025-01-16_34,3,5,5,1,0,2.494838594,2,3,PCF,DWW
1278,2025-01-16_36,1,NA,NA,NA,NA,2.368248371,2,3,PCF,DWW
1279,2025-01-16_37,3,NA,NA,NA,NA,3.692415311,2,3,PCF,DWW
1281,2025-01-16_38,12,10,12,1,0,2.368248371,2,3,ACH,PCF
1283,2025-01-16_39,1,NA,NA,NA,NA,3.179283601,2,3,ACH,PCF
1284,2025-01-16_4,3,NA,NA,NA,NA,2.794684873,2,4,DWW,ACH
1286,2025-01-16_40,2,4,4,1,0,2.150601328,2,3,ACH,PCF
1288,2025-01-16_5,1,NA,NA,NA,NA,1.6876062,2,4,DWW,ACH
1289,2025-01-16_6,1,2,NA,1,1,2.056324363,2,4,DWW,ACH
1290,2025-01-16_7,2,NA,NA,NA,NA,2.254093657,2,3,DWW,ACH
1293,2025-01-16_8,2,NA,NA,NA,NA,3.415921982,2,4,DWW,ACH
1294,2025-01-16_9,4,NA,NA,NA,NA,2.494838594,2,3,DWW,ACH
1296,2025-01-17_1,3,NA,NA,NA,NA,2.150601328,2,4,PCF,DWW
1300,2025-01-17_10,1,NA,NA,NA,NA,3.179283601,2,3,ACH,PCF
1303,2025-01-17_11,2,NA,NA,NA,NA,2.974231001,2,3,ACH,PCF
1306,2025-01-17_12,1,NA,NA,NA,NA,2.794684873,2,3,DWW,ACH
1308,2025-01-17_13,5,6,6,1,0,2.368248371,2,3,DWW,ACH
1310,2025-01-17_14,7,NA,NA,NA,NA,2.974231001,2,3,DWW,ACH
1314,2025-01-17_15,6,NA,NA,NA,NA,2.794684873,2,3,DWW,ACH
1318,2025-01-17_16,1,NA,NA,NA,NA,2.368248371,2,3,DWW,ACH
1319,2025-01-17_17,2,NA,NA,NA,NA,4.416631434,2,3,DWW,ACH
1320,2025-01-17_18,2,NA,NA,NA,NA,2.794684873,2,3,DWW,ACH
1321,2025-01-17_19,2,NA,NA,NA,NA,1.817809866,2,2,PCF,DWW
1323,2025-01-17_2,2,NA,NA,NA,NA,1.970069339,2,4,PCF,DWW
1325,2025-01-17_20,3,5,5,1,1,1.89084263,2,2,PCF,DWW
1328,2025-01-17_21,2,NA,NA,NA,NA,2.794684873,2,2,PCF,DWW
1330,2025-01-17_22,2,NA,NA,NA,NA,2.368248371,2,2,PCF,DWW
1333,2025-01-17_23,1,2,2,1,0,1.389712113,2,2,PCF,DWW
1335,2025-01-17_24,2,NA,NA,NA,NA,2.636063,2,2,PCF,DWW
1338,2025-01-17_25,2,8,8,0,1,3.692415311,2,2,ACH,PCF
1342,2025-01-17_26,2,NA,NA,NA,NA,2.636063,2,2,PCF,DWW
1344,2025-01-17_28,1,NA,NA,NA,NA,2.150601328,2,2,ACH,PCF
1345,2025-01-17_29,1,2,NA,1,1,2.254093657,2,2,ACH,PCF
1346,2025-01-17_3,1,NA,NA,NA,NA,2.056324363,2,4,PCF,DWW
1347,2025-01-17_30,4,6,NA,1,1,2.150601328,2,2,ACH,PCF
1352,2025-01-17_31,1,NA,NA,NA,NA,2.368248371,2,2,ACH,PCF
1354,2025-01-17_32,4,NA,NA,NA,NA,2.368248371,2,2,ACH,PCF
1356,2025-01-17_33,4,NA,NA,NA,NA,2.368248371,2,2,ACH,PCF
1358,2025-01-17_34,3,NA,NA,NA,NA,1.89084263,2,2,ACH,PCF
1363,2025-01-17_35,1,NA,NA,NA,NA,1.89084263,2,2,ACH,PCF
1364,2025-01-17_36,3,5,5,1,0,1.75026497,2,2,DWW,ACH
1367,2025-01-17_37,2,NA,NA,NA,NA,2.368248371,2,2,DWW,ACH
1368,2025-01-17_38,2,NA,NA,NA,NA,2.254093657,2,2,DWW,ACH
1370,2025-01-17_39,2,5,5,1,0,2.254093657,2,2,DWW,ACH
1372,2025-01-17_4,1,NA,NA,NA,NA,3.179283601,2,4,PCF,DWW
1373,2025-01-17_40,3,NA,NA,NA,NA,1.89084263,2,2,DWW,ACH
1374,2025-01-17_5,1,NA,NA,NA,NA,2.368248371,2,4,PCF,DWW
1375,2025-01-17_6,2,NA,NA,NA,NA,1.629317416,2,3,PCF,DWW
1377,2025-01-17_7,2,NA,NA,NA,NA,3.692415311,2,3,PCF,DWW
1379,2025-01-17_8,1,NA,NA,NA,NA,2.494838594,2,3,PCF,DWW
1380,2025-01-17_9,2,NA,NA,NA,NA,2.494838594,2,3,PCF,DWW
1381,2025-01-18_1,1,NA,NA,NA,NA,1.89084263,2,4,ACH,PCF
1382,2025-01-18_10,2,NA,NA,NA,NA,2.636063,3,3,DWW,ACH
1384,2025-01-18_11,1,NA,NA,NA,NA,2.056324363,3,3,DWW,ACH
1386,2025-01-18_12,2,NA,NA,NA,NA,3.692415311,4,3,DWW,ACH
1388,2025-01-18_13,1,NA,NA,NA,NA,1.57495326,4,3,DWW,ACH
1389,2025-01-18_14,2,NA,NA,NA,NA,4.416631434,4,3,DWW,ACH
1391,2025-01-18_15,1,NA,NA,NA,NA,2.794684873,4,3,DWW,ACH
1394,2025-01-18_16,2,NA,NA,NA,NA,3.692415311,4,3,DWW,ACH
1395,2025-01-18_17,1,NA,NA,NA,NA,2.150601328,4,3,DWW,ACH
1396,2025-01-18_18,2,NA,NA,NA,NA,2.150601328,4,3,DWW,ACH
1398,2025-01-18_19,2,NA,NA,NA,NA,4.907045541,4,3,DWW,ACH
1399,2025-01-18_2,4,NA,NA,NA,NA,3.692415311,2,3,ACH,PCF
1402,2025-01-18_20,1,NA,NA,NA,NA,1.431784249,3,2,DWW,ACH
1404,2025-01-18_21,1,NA,NA,NA,NA,1.89084263,3,2,PCF,DWW
1406,2025-01-18_22,2,NA,NA,NA,NA,1.75026497,3,2,PCF,DWW
1408,2025-01-18_23,2,NA,NA,NA,NA,2.636063,3,2,PCF,DWW
1411,2025-01-18_24,3,NA,NA,NA,NA,2.254093657,3,2,PCF,DWW
1412,2025-01-18_25,2,NA,NA,NA,NA,3.179283601,3,2,PCF,DWW
1414,2025-01-18_26,2,NA,NA,NA,NA,2.636063,3,2,PCF,DWW
1416,2025-01-18_27,2,NA,NA,NA,NA,2.974231001,3,2,PCF,DWW
1420,2025-01-18_28,2,NA,NA,NA,NA,4.416631434,3,2,PCF,DWW
1422,2025-01-18_29,1,NA,NA,NA,NA,1.817809866,3,2,PCF,DWW
1424,2025-01-18_3,3,NA,NA,NA,NA,2.056324363,2,3,ACH,PCF
1427,2025-01-18_30,1,NA,NA,NA,NA,2.974231001,3,2,PCF,DWW
1428,2025-01-18_31,2,NA,NA,NA,NA,2.636063,3,2,PCF,DWW
1430,2025-01-18_32,2,NA,NA,NA,NA,2.974231001,3,2,PCF,DWW
1431,2025-01-18_33,1,NA,NA,NA,NA,2.056324363,3,2,PCF,DWW
1432,2025-01-18_34,1,NA,NA,NA,NA,3.692415311,3,2,PCF,DWW
1433,2025-01-18_35,2,NA,NA,NA,NA,2.368248371,4,3,DWW,ACH
1434,2025-01-18_4,1,NA,NA,NA,NA,2.794684873,2,3,ACH,PCF
1436,2025-01-18_5,1,NA,NA,NA,NA,2.056324363,2,3,ACH,PCF
1437,2025-01-18_6,2,NA,NA,NA,NA,2.636063,2,3,ACH,PCF
1439,2025-01-18_7,1,NA,NA,NA,NA,2.368248371,2,3,ACH,PCF
1440,2025-01-18_8,1,NA,NA,NA,NA,2.056324363,2,3,ACH,PCF
1441,2025-01-18_9,4,NA,NA,NA,NA,2.368248371,2,3,ACH,PCF
1443,2025-01-20_1,2,NA,NA,NA,NA,2.150601328,2,4,SRB,ANF
1444,2025-01-20_10,1,NA,NA,NA,NA,2.150601328,3,3,DWW,SRB
1446,2025-01-20_11,2,2,NA,1,1,2.150601328,2,3,DWW,SRB
1448,2025-01-20_12,1,1,NA,1,1,1.476502739,2,3,DWW,SRB
1449,2025-01-20_13,2,NA,NA,NA,NA,2.494838594,2,3,DWW,SRB
1450,2025-01-20_14,2,NA,NA,NA,NA,2.794684873,2,3,DWW,SRB
1452,2025-01-20_15,1,NA,NA,NA,NA,3.179283601,2,2,ANF,DWW
1454,2025-01-20_16,1,NA,NA,NA,NA,1.89084263,2,2,ANF,DWW
1455,2025-01-20_17,2,NA,NA,NA,NA,2.056324363,2,2,ANF,DWW
1456,2025-01-20_18,1,NA,NA,NA,NA,1.89084263,2,2,ANF,DWW
1458,2025-01-20_19,4,NA,NA,NA,NA,2.056324363,2,2,ANF,DWW
1461,2025-01-20_2,1,NA,NA,NA,NA,1.817809866,2,4,SRB,ANF
1462,2025-01-20_20,1,NA,NA,NA,NA,1.817809866,2,2,ANF,DWW
1463,2025-01-20_21,1,NA,NA,NA,NA,2.056324363,2,2,ANF,DWW
1465,2025-01-20_22,1,1,1,1,0,1.970069339,2,2,ANF,DWW
1467,2025-01-20_23,3,5,5,1,0,3.179283601,2,2,SRB,ANF
1468,2025-01-20_24,2,6,6,1,0,3.179283601,2,2,SRB,ANF
1469,2025-01-20_25,1,NA,NA,NA,NA,2.974231001,2,2,SRB,ANF
1470,2025-01-20_26,2,2,NA,0,0,1.89084263,2,2,DWW,SRB
1471,2025-01-20_27,2,5,5,1,0,2.368248371,2,2,DWW,SRB
1473,2025-01-20_28,2,NA,NA,NA,NA,2.494838594,2,2,DWW,SRB
1475,2025-01-20_29,4,NA,NA,NA,NA,3.179283601,2,2,DWW,SRB
1478,2025-01-20_3,1,NA,NA,NA,NA,2.368248371,2,4,SRB,ANF
1479,2025-01-20_30,1,NA,NA,NA,NA,2.636063,2,2,DWW,SRB
1480,2025-01-20_31,5,6,NA,1,0,2.494838594,2,2,DWW,SRB
1481,2025-01-20_32,1,NA,NA,NA,NA,2.368248371,2,2,DWW,SRB
1484,2025-01-20_33,2,NA,NA,NA,NA,4.907045541,2,2,DWW,SRB
1485,2025-01-20_34,2,NA,NA,NA,NA,2.368248371,2,2,DWW,SRB
1487,2025-01-20_35,2,3,3,1,0,2.150601328,2,2,ANF,DWW
1489,2025-01-20_36,4,NA,NA,NA,NA,3.692415311,2,2,ANF,DWW
1493,2025-01-20_37,1,NA,NA,NA,NA,3.179283601,2,2,ANF,DWW
1494,2025-01-20_38,6,9,9,1,0,2.974231001,2,2,ANF,DWW
1497,2025-01-20_39,4,NA,NA,NA,NA,3.179283601,2,2,ANF,DWW
1500,2025-01-20_4,1,NA,NA,NA,NA,1.89084263,2,4,SRB,ANF
1501,2025-01-20_40,2,NA,NA,NA,NA,2.974231001,2,2,ANF,DWW
1503,2025-01-20_41,1,NA,NA,NA,NA,2.974231001,2,2,ANF,DWW
1504,2025-01-20_5,1,1,1,1,0,1.350056812,2,3,SRB,ANF
1506,2025-01-20_7,3,7,7,1,0,2.254093657,3,3,DWW,SRB
1508,2025-01-20_8,2,NA,NA,NA,NA,2.794684873,3,3,DWW,SRB
1510,2025-01-20_9,3,NA,NA,NA,NA,1.89084263,3,3,DWW,SRB
1512,2025-01-21_1,6,NA,NA,NA,NA,2.150601328,2,4,DWW,KAF
1513,2025-01-21_10,1,NA,NA,NA,NA,2.150601328,2,4,DWW,KAF
1514,2025-01-21_11,3,NA,NA,NA,NA,2.794684873,2,4,DWW,KAF
1515,2025-01-21_12,2,NA,NA,NA,NA,3.692415311,2,4,DWW,KAF
1516,2025-01-21_13,1,NA,NA,NA,NA,3.179283601,2,3,DWW,KAF
1518,2025-01-21_14,3,NA,NA,NA,NA,2.494838594,2,3,ANF,DWW
1519,2025-01-21_15,1,NA,NA,NA,NA,3.179283601,2,3,ANF,DWW
1520,2025-01-21_16,1,NA,NA,NA,NA,3.179283601,2,3,ANF,DWW
1521,2025-01-21_17,2,NA,NA,NA,NA,2.368248371,2,3,ANF,DWW
1524,2025-01-21_18,1,NA,NA,NA,NA,1.817809866,2,3,ANF,DWW
1525,2025-01-21_19,1,NA,NA,NA,NA,3.179283601,2,3,ANF,DWW
1526,2025-01-21_2,2,NA,NA,NA,NA,1.629317416,2,4,DWW,KAF
1527,2025-01-21_20,1,1,NA,1,0,1.050709278,2,3,ANF,DWW
1529,2025-01-21_21,1,NA,NA,NA,NA,2.056324363,2,3,ANF,DWW
1530,2025-01-21_22,1,NA,NA,NA,NA,2.794684873,2,3,ANF,DWW
1531,2025-01-21_23,2,NA,NA,NA,NA,3.692415311,2,3,ANF,DWW
1532,2025-01-21_24,1,NA,NA,NA,NA,2.494838594,2,3,ANF,DWW
1534,2025-01-21_25,2,NA,NA,NA,NA,3.179283601,2,3,ANF,DWW
1535,2025-01-21_26,1,NA,NA,NA,NA,1.817809866,2,3,ANF,DWW
1536,2025-01-21_27,2,NA,NA,NA,NA,2.794684873,2,3,ANF,DWW
1537,2025-01-21_28,3,4,NA,1,1,2.794684873,2,3,ANF,DWW
1539,2025-01-21_29,1,NA,NA,NA,NA,2.150601328,2,3,ANF,DWW
1540,2025-01-21_3,1,NA,NA,NA,NA,3.415921982,2,4,DWW,KAF
1542,2025-01-21_30,1,NA,NA,NA,NA,1.57495326,2,3,ANF,DWW
1543,2025-01-21_31,1,NA,NA,NA,NA,1.476502739,2,3,ANF,DWW
1544,2025-01-21_32,1,NA,NA,NA,NA,0.592358123,2,3,ANF,DWW
1545,2025-01-21_33,2,5,5,1,1,2.636063,2,3,ANF,DWW
1548,2025-01-21_34,3,NA,NA,NA,NA,2.636063,2,3,KAF,ANF
1554,2025-01-21_35,1,NA,NA,NA,NA,2.494838594,2,3,KAF,ANF
1555,2025-01-21_36,2,NA,NA,NA,NA,1.970069339,2,3,KAF,ANF
1558,2025-01-21_37,1,NA,NA,NA,NA,0.72843567,2,3,KAF,ANF
1559,2025-01-21_38,3,NA,NA,NA,NA,3.692415311,2,3,KAF,ANF
1562,2025-01-21_39,2,NA,NA,NA,NA,4.020357692,2,3,KAF,ANF
1565,2025-01-21_4,1,NA,NA,NA,NA,2.636063,2,4,DWW,KAF
1566,2025-01-21_40,2,4,NA,1,1,3.179283601,2,2,KAF,ANF
1570,2025-01-21_41,2,NA,NA,NA,NA,2.974231001,2,3,KAF,ANF
1571,2025-01-21_42,1,NA,NA,NA,NA,2.368248371,2,2,DWW,KAF
1573,2025-01-21_43,1,NA,NA,NA,NA,4.020357692,2,2,DWW,KAF
1575,2025-01-21_44,3,4,4,1,0,2.254093657,2,2,DWW,KAF
1578,2025-01-21_45,3,NA,NA,NA,NA,4.907045541,2,2,DWW,KAF
1580,2025-01-21_46,2,2,NA,1,1,2.636063,2,2,DWW,KAF
1581,2025-01-21_47,1,2,2,1,1,2.636063,2,2,ANF,DWW
1582,2025-01-21_48,2,NA,NA,NA,NA,2.794684873,2,2,ANF,DWW
1585,2025-01-21_49,1,3,3,1,1,2.794684873,2,2,ANF,DWW
1587,2025-01-21_5,1,NA,NA,NA,NA,2.636063,2,4,DWW,KAF
1588,2025-01-21_50,4,NA,NA,NA,NA,2.974231001,3,3,ANF,DWW
1590,2025-01-21_51,3,NA,NA,NA,NA,3.179283601,3,3,ANF,DWW
1591,2025-01-21_52,1,2,NA,1,1,1.89084263,3,3,ANF,DWW
1592,2025-01-21_53,1,NA,NA,NA,NA,2.974231001,3,3,ANF,DWW
1593,2025-01-21_54,2,2,NA,1,1,2.794684873,3,3,ANF,DWW
1595,2025-01-21_55,3,NA,NA,NA,NA,3.692415311,3,3,ANF,DWW
1596,2025-01-21_56,2,5,NA,1,1,2.150601328,3,3,ANF,DWW
1598,2025-01-21_57,1,NA,NA,NA,NA,2.794684873,4,3,ANF,DWW
1600,2025-01-21_58,3,NA,NA,NA,NA,3.415921982,4,3,ANF,DWW
1601,2025-01-21_59,2,NA,NA,NA,NA,2.974231001,4,3,KAF,ANF
1603,2025-01-21_6,1,NA,NA,NA,NA,2.150601328,2,4,DWW,KAF
1604,2025-01-21_60,2,NA,NA,NA,NA,2.636063,4,3,KAF,ANF
1605,2025-01-21_61,4,NA,NA,NA,NA,2.368248371,4,3,KAF,ANF
1606,2025-01-21_62,2,NA,NA,NA,NA,3.179283601,4,3,KAF,ANF
1608,2025-01-21_63,4,NA,NA,NA,NA,2.794684873,4,3,KAF,ANF
1611,2025-01-21_64,3,NA,NA,NA,NA,2.974231001,4,3,KAF,ANF
1612,2025-01-21_65,1,NA,NA,NA,NA,3.415921982,4,4,KAF,ANF
1613,2025-01-21_66,1,NA,NA,NA,NA,3.692415311,4,4,KAF,ANF
1614,2025-01-21_7,1,NA,NA,NA,NA,2.368248371,2,4,DWW,KAF
1615,2025-01-21_8,1,NA,NA,NA,NA,2.368248371,2,4,DWW,KAF
1616,2025-01-21_9,2,NA,NA,NA,NA,3.692415311,2,4,DWW,KAF
1618,2025-01-22_1,2,3,3,1,0,1.629317416,3,4,ANF,DWW
1621,2025-01-22_10,1,NA,NA,NA,NA,2.794684873,3,3,ANF,DWW
1622,2025-01-22_11,1,2,NA,1,1,2.368248371,4,3,ANF,DWW
1626,2025-01-22_12,1,3,NA,1,1,2.794684873,4,3,ANF,DWW
1629,2025-01-22_13,2,NA,NA,NA,NA,1.89084263,4,3,ANF,DWW
1631,2025-01-22_14,1,NA,NA,NA,NA,2.494838594,4,3,ANF,DWW
1632,2025-01-22_16,1,NA,NA,NA,NA,2.150601328,2,3,SRB,ANF
1633,2025-01-22_17,2,NA,NA,NA,NA,2.636063,2,3,SRB,ANF
1634,2025-01-22_18,3,NA,NA,NA,NA,2.368248371,2,3,SRB,ANF
1635,2025-01-22_19,1,NA,NA,NA,NA,4.416631434,2,3,SRB,ANF
1636,2025-01-22_2,1,NA,NA,NA,NA,2.494838594,3,4,ANF,DWW
1638,2025-01-22_20,2,2,2,1,0,3.179283601,2,3,SRB,ANF
1639,2025-01-22_21,2,6,6,1,0,2.368248371,2,3,SRB,ANF
1640,2025-01-22_22,3,NA,NA,NA,NA,2.368248371,2,3,SRB,ANF
1643,2025-01-22_23,1,NA,NA,NA,NA,2.056324363,2,3,SRB,ANF
1644,2025-01-22_24,4,8,8,1,1,4.020357692,2,3,SRB,ANF
1645,2025-01-22_25,4,NA,NA,NA,NA,2.368248371,2,2,DWW,SRB
1646,2025-01-22_26,1,NA,NA,NA,NA,2.254093657,2,2,DWW,SRB
1647,2025-01-22_27,4,NA,NA,NA,NA,3.692415311,2,2,DWW,SRB
1648,2025-01-22_28,1,NA,NA,NA,NA,1.050709278,2,2,DWW,SRB
1649,2025-01-22_29,2,NA,NA,NA,NA,2.368248371,2,2,DWW,SRB
1651,2025-01-22_3,1,3,3,1,1,2.974231001,3,4,ANF,DWW
1652,2025-01-22_30,1,2,2,0,1,1.970069339,2,2,DWW,SRB
1653,2025-01-22_31,2,NA,NA,NA,NA,3.179283601,2,2,DWW,SRB
1655,2025-01-22_32,1,NA,NA,NA,NA,4.020357692,2,2,DWW,SRB
1656,2025-01-22_33,4,5,5,0,1,2.636063,2,2,DWW,SRB
1658,2025-01-22_34,1,NA,NA,NA,NA,2.150601328,2,2,DWW,SRB
1659,2025-01-22_35,1,NA,NA,NA,NA,4.020357692,2,2,ANF,DWW
1660,2025-01-22_36,2,NA,NA,NA,NA,2.056324363,2,2,ANF,DWW
1664,2025-01-22_37,3,NA,NA,NA,NA,3.692415311,2,2,ANF,DWW
1667,2025-01-22_38,1,NA,NA,NA,NA,2.974231001,2,2,SRB,ANF
1668,2025-01-22_39,1,NA,NA,NA,NA,2.794684873,2,2,SRB,ANF
1669,2025-01-22_4,1,NA,NA,NA,NA,1.6876062,3,4,ANF,DWW
1670,2025-01-22_40,2,1,1,1,1,2.794684873,2,2,SRB,ANF
1671,2025-01-22_41,1,NA,NA,NA,NA,3.179283601,2,2,SRB,ANF
1672,2025-01-22_42,1,NA,NA,NA,NA,2.974231001,2,2,SRB,ANF
1673,2025-01-22_43,3,NA,NA,NA,NA,2.368248371,4,3,SRB,ANF
1675,2025-01-22_44,2,NA,NA,NA,NA,2.056324363,4,3,DWW,SRB
1678,2025-01-22_45,2,NA,NA,NA,NA,2.794684873,4,3,DWW,SRB
1679,2025-01-22_46,4,NA,NA,NA,NA,2.368248371,4,3,DWW,SRB
1681,2025-01-22_47,2,NA,NA,NA,NA,1.89084263,4,3,DWW,SRB
1683,2025-01-22_48,1,NA,NA,NA,NA,1.89084263,4,3,DWW,SRB
1684,2025-01-22_49,2,NA,NA,NA,NA,1.817809866,4,3,DWW,SRB
1686,2025-01-22_50,1,NA,NA,NA,NA,2.150601328,4,3,DWW,SRB
1688,2025-01-22_51,1,NA,NA,NA,NA,1.75026497,4,3,DWW,SRB
1689,2025-01-22_52,2,NA,NA,NA,NA,1.75026497,4,3,DWW,SRB
1690,2025-01-22_53,1,NA,NA,NA,NA,1.970069339,4,3,DWW,SRB
1691,2025-01-22_54,1,NA,NA,NA,NA,2.636063,4,3,DWW,SRB
1692,2025-01-22_55,1,NA,NA,NA,NA,3.692415311,4,3,DWW,SRB
1693,2025-01-22_56,2,NA,NA,NA,NA,1.6876062,4,3,DWW,SRB
1694,2025-01-22_57,4,NA,NA,NA,NA,4.020357692,4,3,DWW,SRB
1695,2025-01-22_58,2,NA,NA,NA,NA,1.524127345,4,3,DWW,SRB
1696,2025-01-22_6,1,NA,NA,NA,NA,1.75026497,3,4,ANF,DWW
1698,2025-01-22_7,2,NA,NA,NA,NA,2.368248371,3,3,ANF,DWW
1702,2025-01-22_8,3,NA,NA,NA,NA,1.89084263,3,4,ANF,DWW
1704,2025-01-22_9,1,2,2,0,1,1.89084263,3,4,ANF,DWW
1705,2025-01-23_1,1,NA,NA,NA,NA,1.817809866,2,4,KAF,ANF
1707,2025-01-23_10,1,NA,NA,NA,NA,2.494838594,2,2,DWW,KAF
1708,2025-01-23_11,2,NA,NA,NA,NA,1.57495326,2,2,DWW,KAF
1710,2025-01-23_12,1,NA,NA,NA,NA,2.254093657,2,2,DWW,KAF
1711,2025-01-23_13,4,NA,NA,NA,NA,1.6876062,2,2,DWW,KAF
1713,2025-01-23_14,2,NA,NA,NA,NA,2.494838594,2,2,DWW,KAF
1714,2025-01-23_15,1,NA,NA,NA,NA,1.970069339,2,2,DWW,KAF
1716,2025-01-23_16,1,NA,NA,NA,NA,1.89084263,2,2,DWW,KAF
1717,2025-01-23_17,2,NA,NA,NA,NA,2.368248371,2,2,DWW,KAF
1719,2025-01-23_18,1,NA,NA,NA,NA,1.89084263,2,2,ANF,DWW
1721,2025-01-23_19,2,NA,NA,NA,NA,1.817809866,2,2,ANF,DWW
1723,2025-01-23_2,1,4,NA,0,0,2.494838594,2,4,KAF,ANF
1726,2025-01-23_20,1,NA,NA,NA,NA,2.150601328,2,2,ANF,DWW
1728,2025-01-23_21,1,7,NA,1,1,1.970069339,2,2,ANF,DWW
1729,2025-01-23_22,1,NA,NA,NA,NA,2.254093657,2,2,ANF,DWW
1730,2025-01-23_23,1,NA,NA,NA,NA,1.89084263,2,2,ANF,DWW
1731,2025-01-23_24,4,NA,NA,NA,NA,3.179283601,2,2,KAF,ANF
1733,2025-01-23_25,2,NA,NA,NA,NA,2.636063,2,2,KAF,ANF
1734,2025-01-23_26,1,NA,NA,NA,NA,2.368248371,2,2,KAF,ANF
1736,2025-01-23_27,2,NA,NA,NA,NA,1.970069339,2,2,KAF,ANF
1738,2025-01-23_28,1,NA,NA,NA,NA,3.692415311,2,2,KAF,ANF
1739,2025-01-23_29,1,NA,NA,NA,NA,2.794684873,2,2,KAF,ANF
1740,2025-01-23_3,3,NA,NA,NA,NA,5.533726889,2,2,KAF,ANF
1746,2025-01-23_30,1,NA,NA,NA,NA,2.150601328,2,2,DWW,KAF
1747,2025-01-23_31,1,NA,NA,NA,NA,1.817809866,2,2,DWW,KAF
1749,2025-01-23_32,1,1,1,1,0,1.629317416,2,2,DWW,KAF
1750,2025-01-23_33,2,1,NA,1,1,3.179283601,2,2,DWW,KAF
1751,2025-01-23_34,1,NA,NA,NA,NA,2.794684873,2,2,DWW,KAF
1752,2025-01-23_35,6,15,NA,1,1,2.494838594,2,2,ANF,DWW
1757,2025-01-23_36,1,NA,NA,NA,NA,2.974231001,2,2,ANF,DWW
1758,2025-01-23_37,2,NA,NA,NA,NA,2.494838594,2,2,ANF,DWW
1760,2025-01-23_38,1,NA,NA,NA,NA,3.179283601,2,2,ANF,DWW
1761,2025-01-23_39,4,NA,NA,NA,NA,2.636063,2,2,ANF,DWW
1764,2025-01-23_4,2,NA,NA,NA,NA,1.75026497,2,4,KAF,ANF
1769,2025-01-23_40,1,NA,NA,NA,NA,2.974231001,2,2,ANF,DWW
1770,2025-01-23_41,1,NA,NA,NA,NA,1.006147082,2,2,ANF,DWW
1771,2025-01-23_42,1,NA,NA,NA,NA,1.75026497,2,2,ANF,DWW
1772,2025-01-23_43,1,NA,NA,NA,NA,3.692415311,2,2,ANF,DWW
1774,2025-01-23_44,2,NA,NA,NA,NA,2.368248371,2,2,ANF,DWW
1776,2025-01-23_45,1,NA,NA,NA,NA,3.179283601,2,2,ANF,DWW
1777,2025-01-23_46,3,NA,NA,NA,NA,3.179283601,2,2,ANF,DWW
1779,2025-01-23_47,1,NA,NA,NA,NA,3.179283601,2,2,ANF,DWW
1780,2025-01-23_48,1,NA,NA,NA,NA,3.179283601,2,2,ANF,DWW
1781,2025-01-23_5,1,NA,NA,NA,NA,2.254093657,2,4,KAF,ANF
1783,2025-01-23_6,1,NA,NA,NA,NA,2.974231001,2,4,KAF,ANF
1784,2025-01-23_7,1,NA,NA,NA,NA,1.6876062,2,2,DWW,KAF
1785,2025-01-23_8,1,NA,NA,NA,NA,1.75026497,2,2,DWW,KAF
1786,2025-01-23_9,2,2,2,1,1,2.150601328,2,2,DWW,KAF
1788,2025-01-24_1,1,NA,NA,NA,NA,1.89084263,2,4,DWW,JAP
1789,2025-01-24_10,1,NA,NA,NA,NA,2.794684873,2,3,ANF,DWW
1790,2025-01-24_11,1,NA,NA,NA,NA,2.368248371,2,3,ANF,DWW
1791,2025-01-24_12,1,NA,NA,NA,NA,1.629317416,2,3,ANF,DWW
1792,2025-01-24_13,1,NA,NA,NA,NA,2.494838594,2,3,ANF,DWW
1793,2025-01-24_14,3,NA,NA,NA,NA,2.974231001,2,3,ANF,DWW
1795,2025-01-24_15,2,NA,NA,NA,NA,2.056324363,2,3,ANF,DWW
1798,2025-01-24_16,3,NA,NA,NA,NA,1.817809866,2,2,ANF,DWW
1800,2025-01-24_17,3,NA,NA,NA,NA,4.416631434,2,3,ANF,DWW
1801,2025-01-24_18,6,NA,NA,NA,NA,3.692415311,2,2,ANF,DWW
1803,2025-01-24_19,1,NA,NA,NA,NA,2.254093657,2,2,ANF,DWW
1804,2025-01-24_2,1,NA,NA,NA,NA,1.89084263,2,4,DWW,JAP
1805,2025-01-24_20,1,NA,NA,NA,NA,1.6876062,2,2,JAP,ANF
1808,2025-01-24_21,1,NA,NA,NA,NA,2.056324363,2,2,JAP,ANF
1809,2025-01-24_22,1,NA,NA,NA,NA,2.636063,2,2,JAP,ANF
1811,2025-01-24_23,2,NA,NA,NA,NA,2.794684873,2,2,JAP,ANF
1813,2025-01-24_25,1,NA,NA,NA,NA,1.050709278,2,2,JAP,ANF
1815,2025-01-24_26,1,NA,NA,NA,NA,1.050709278,2,2,JAP,ANF
1816,2025-01-24_28,1,NA,NA,NA,NA,2.150601328,2,2,JAP,ANF
1817,2025-01-24_29,2,NA,NA,NA,NA,3.692415311,2,2,JAP,ANF
1818,2025-01-24_3,4,NA,NA,NA,NA,2.636063,2,4,DWW,JAP
1822,2025-01-24_30,2,NA,NA,NA,NA,2.794684873,2,2,JAP,ANF
1823,2025-01-24_31,1,NA,NA,NA,NA,0.706778863,2,2,JAP,ANF
1824,2025-01-24_32,3,NA,NA,NA,NA,2.056324363,2,2,JAP,ANF
1826,2025-01-24_33,2,NA,NA,NA,NA,1.57495326,2,2,DWW,JAP
1829,2025-01-24_34,1,NA,NA,NA,NA,1.57495326,2,2,DWW,JAP
1831,2025-01-24_35,2,NA,NA,NA,NA,2.368248371,2,2,DWW,JAP
1833,2025-01-24_36,1,NA,NA,NA,NA,1.6876062,2,2,DWW,JAP
1835,2025-01-24_37,1,NA,NA,NA,NA,4.416631434,2,2,DWW,JAP
1836,2025-01-24_38,1,NA,NA,NA,NA,1.181630244,2,2,ANF,DWW
1837,2025-01-24_39,2,NA,NA,NA,NA,4.416631434,3,4,JAP,ANF
1840,2025-01-24_4,2,NA,NA,NA,NA,1.89084263,2,3,DWW,JAP
1841,2025-01-24_40,3,NA,NA,NA,NA,4.907045541,3,4,JAP,ANF
1843,2025-01-24_41,1,NA,NA,NA,NA,1.050709278,3,4,JAP,ANF
1845,2025-01-24_42,1,NA,NA,NA,NA,3.692415311,3,4,JAP,ANF
1847,2025-01-24_43,1,NA,NA,NA,NA,3.179283601,3,4,JAP,ANF
1848,2025-01-24_44,2,NA,NA,NA,NA,2.794684873,3,4,JAP,ANF
1849,2025-01-24_45,1,NA,NA,NA,NA,2.368248371,3,3,JAP,ANF
1852,2025-01-24_46,3,NA,NA,NA,NA,2.254093657,3,3,JAP,ANF
1853,2025-01-24_47,2,NA,NA,NA,NA,1.89084263,3,3,JAP,ANF
1856,2025-01-24_5,2,NA,NA,NA,NA,2.254093657,2,3,ANF,DWW
1860,2025-01-24_6,1,NA,NA,NA,NA,2.254093657,2,3,DWW,JAP
1862,2025-01-24_7,2,NA,NA,NA,NA,1.970069339,2,3,ANF,DWW
1863,2025-01-24_8,1,NA,NA,NA,NA,2.150601328,2,3,ANF,DWW
1865,2025-01-24_9,2,NA,NA,NA,NA,4.907045541,2,3,ANF,DWW