"","SIGHTING_ID","GROUP_SIZE_LAST","Group_Size_Min","Group_Size","Proximity","Other.Confounding.Groups","DIST_MIN","BEAUFORT_LAST","VISIBILITY_LAST"
"1","2024-01-08_1",1,NA,NA,NA,NA,1.18163024379646,2,3
"2","2024-01-08_10",2,NA,NA,NA,NA,3.84905553783633,3,2
"3","2024-01-08_11",1,NA,NA,NA,NA,1.89084263025597,3,2
"5","2024-01-08_12",1,NA,NA,NA,NA,1.89084263025597,3,2
"6","2024-01-08_13",1,NA,NA,NA,NA,2.15060132758786,3,2
"7","2024-01-08_14",1,NA,NA,NA,NA,2.36824837098863,3,2
"8","2024-01-08_15",3,NA,NA,NA,NA,2.05632436272067,4,2
"10","2024-01-08_16",2,NA,NA,NA,NA,2.36824837098863,4,2
"11","2024-01-08_17",1,NA,NA,NA,NA,2.15060132758786,4,2
"13","2024-01-08_18",2,NA,NA,NA,NA,2.49483859424186,4,2
"14","2024-01-08_19",1,NA,NA,NA,NA,1.75026496959489,4,2
"15","2024-01-08_2",2,NA,NA,NA,NA,1.75026496959489,3,3
"16","2024-01-08_20",1,NA,NA,NA,NA,1.89084263025597,4,2
"17","2024-01-08_21",1,NA,NA,NA,NA,0.860301852033729,4,2
"18","2024-01-08_22",1,NA,NA,NA,NA,2.36824837098863,4,3
"20","2024-01-08_23",3,NA,NA,NA,NA,2.36824837098863,4,3
"22","2024-01-08_24",1,NA,NA,NA,NA,1.89084263025597,4,3
"23","2024-01-08_25",1,NA,NA,NA,NA,1.89084263025597,4,3
"24","2024-01-08_26",1,NA,NA,NA,NA,2.97423100137033,4,3
"25","2024-01-08_27",3,NA,NA,NA,NA,4.90704554142547,4,3
"26","2024-01-08_28",2,NA,NA,NA,NA,2.36824837098863,4,3
"27","2024-01-08_3",3,NA,NA,NA,NA,1.89084263025597,3,3
"28","2024-01-08_4",2,NA,NA,NA,NA,0.860301852033729,3,3
"29","2024-01-08_5",1,NA,NA,NA,NA,1.05070927757734,3,3
"31","2024-01-08_6",1,NA,NA,NA,NA,2.79468487296923,3,3
"32","2024-01-08_7",2,NA,NA,NA,NA,1.89084263025597,3,2
"34","2024-01-08_8",1,NA,NA,NA,NA,2.36824837098863,3,2
"35","2024-01-08_9",1,NA,NA,NA,NA,2.63606300001936,3,2
"36","2024-01-09_1",2,NA,NA,NA,NA,1.89084263025597,2,3
"37","2024-01-09_10",2,NA,NA,NA,NA,1.57495325992824,2,3
"39","2024-01-09_11",2,2,2,0,0,2.05632436272067,2,3
"42","2024-01-09_12",4,1,NA,1,0,2.63606300001936,2,3
"46","2024-01-09_13",1,NA,NA,NA,NA,3.17928360069843,2,3
"48","2024-01-09_14",4,4,4,1,0,2.63606300001936,2,3
"49","2024-01-09_15",2,4,4,1,0,2.97423100137033,2,3
"50","2024-01-09_16",1,NA,NA,NA,NA,3.17928360069843,2,4
"51","2024-01-09_17",4,NA,NA,NA,NA,2.49483859424186,2,4
"54","2024-01-09_18",2,NA,NA,NA,NA,2.79468487296923,2,4
"55","2024-01-09_2",4,NA,NA,NA,NA,2.49483859424186,2,3
"56","2024-01-09_3",3,NA,NA,NA,NA,2.97423100137033,2,3
"57","2024-01-09_4",1,NA,NA,NA,NA,0.63168139637645,2,3
"58","2024-01-09_5",2,NA,NA,NA,NA,2.79468487296923,2,3
"60","2024-01-09_6",4,NA,NA,NA,NA,2.36824837098863,2,3
"62","2024-01-09_7",5,NA,NA,NA,NA,2.49483859424186,2,3
"64","2024-01-09_8",4,NA,NA,NA,NA,3.17928360069843,2,3
"67","2024-01-09_9",1,NA,NA,NA,NA,1.18163024379646,2,3
"69","2024-01-10_1",4,NA,NA,NA,NA,3.69241531050002,3,4
"70","2024-01-10_10",1,NA,NA,NA,NA,2.36824837098863,2,3
"71","2024-01-10_11",3,NA,NA,NA,NA,1.24366490322539,2,3
"74","2024-01-10_13",2,NA,NA,NA,NA,1.89084263025597,2,3
"76","2024-01-10_14",1,NA,NA,NA,NA,1.57495325992824,2,3
"77","2024-01-10_15",4,NA,NA,NA,NA,2.05632436272067,2,3
"79","2024-01-10_16",3,NA,NA,NA,NA,1.75026496959489,2,3
"81","2024-01-10_17",1,NA,NA,NA,NA,2.79468487296923,2,3
"83","2024-01-10_18",1,NA,NA,NA,NA,1.00614708174896,2,3
"84","2024-01-10_19",2,NA,NA,NA,NA,1.81780986621159,3,3
"85","2024-01-10_2",3,NA,NA,NA,NA,1.75026496959489,3,4
"86","2024-01-10_20",1,NA,NA,NA,NA,2.79468487296923,3,3
"87","2024-01-10_21",3,NA,NA,NA,NA,2.97423100137033,3,3
"88","2024-01-10_22",1,NA,NA,NA,NA,3.17928360069843,3,4
"89","2024-01-10_3",2,4,4,0,0,2.05632436272067,3,4
"90","2024-01-10_4",2,NA,NA,NA,NA,2.05632436272067,3,4
"91","2024-01-10_5",1,NA,NA,NA,NA,2.79468487296923,3,4
"92","2024-01-10_6",1,NA,NA,NA,NA,2.97423100137033,3,4
"93","2024-01-10_7",2,NA,NA,NA,NA,2.79468487296923,2,3
"94","2024-01-10_8",1,NA,NA,NA,NA,1.89084263025597,2,3
"95","2024-01-10_9",1,NA,NA,NA,NA,0.860301852033729,2,3
"96","2024-01-11_1",5,NA,NA,NA,NA,3.69241531050002,3,4
"97","2024-01-11_10",1,NA,NA,NA,NA,2.63606300001936,3,3
"99","2024-01-11_11",1,NA,NA,NA,NA,3.17928360069843,3,3
"100","2024-01-11_12",3,NA,NA,NA,NA,2.63606300001936,3,3
"102","2024-01-11_13",1,NA,NA,NA,NA,2.25409365749545,3,3
"104","2024-01-11_14",1,NA,NA,NA,NA,1.81780986621159,3,3
"105","2024-01-11_15",1,NA,NA,NA,NA,1.62931741563283,3,3
"106","2024-01-11_16",1,NA,NA,NA,NA,3.69241531050002,3,3
"107","2024-01-11_17",1,NA,NA,NA,NA,4.02035769248287,3,3
"108","2024-01-11_18",2,NA,NA,NA,NA,2.63606300001936,3,3
"111","2024-01-11_19",2,NA,NA,NA,NA,3.17928360069843,3,3
"112","2024-01-11_2",2,NA,NA,NA,NA,1.89084263025597,3,3
"114","2024-01-11_20",1,NA,NA,NA,NA,2.15060132758786,3,3
"117","2024-01-11_21",2,NA,NA,NA,NA,2.97423100137033,3,3
"119","2024-01-11_22",3,NA,NA,NA,NA,2.97423100137033,3,3
"121","2024-01-11_23",1,NA,NA,NA,NA,2.36824837098863,3,3
"122","2024-01-11_24",1,NA,NA,NA,NA,1.75026496959489,3,3
"124","2024-01-11_25",7,NA,NA,NA,NA,2.63606300001936,3,3
"126","2024-01-11_26",4,NA,NA,NA,NA,2.25409365749545,3,3
"128","2024-01-11_27",2,NA,NA,NA,NA,4.02035769248287,3,3
"130","2024-01-11_29",3,NA,NA,NA,NA,2.79468487296923,3,3
"131","2024-01-11_3",2,NA,NA,NA,NA,3.69241531050002,3,3
"132","2024-01-11_30",2,NA,NA,NA,NA,2.97423100137033,3,3
"134","2024-01-11_31",3,NA,NA,NA,NA,1.47650273882677,3,3
"136","2024-01-11_33",3,NA,NA,NA,NA,2.36824837098863,3,3
"137","2024-01-11_34",3,NA,NA,NA,NA,1.35005681175826,3,3
"140","2024-01-11_36",1,NA,NA,NA,NA,1.21185018498828,3,3
"141","2024-01-11_37",2,NA,NA,NA,NA,2.63606300001936,3,2
"144","2024-01-11_38",1,NA,NA,NA,NA,1.97006933947847,3,2
"145","2024-01-11_39",3,NA,NA,NA,NA,2.15060132758786,3,2
"146","2024-01-11_4",1,NA,NA,NA,NA,2.36824837098863,3,3
"148","2024-01-11_40",1,NA,NA,NA,NA,2.79468487296923,3,2
"150","2024-01-11_41",1,NA,NA,NA,NA,4.41663143367504,4,3
"152","2024-01-11_42",3,NA,NA,NA,NA,1.89084263025597,4,3
"154","2024-01-11_43",2,NA,NA,NA,NA,2.05632436272067,4,3
"156","2024-01-11_44",1,NA,NA,NA,NA,1.81780986621159,4,3
"158","2024-01-11_45",1,NA,NA,NA,NA,1.35005681175826,4,3
"159","2024-01-11_46",1,NA,NA,NA,NA,2.05632436272067,4,3
"160","2024-01-11_47",2,NA,NA,NA,NA,1.75026496959489,4,3
"162","2024-01-11_48",4,NA,NA,NA,NA,2.97423100137033,4,3
"164","2024-01-11_49",2,NA,NA,NA,NA,2.36824837098863,4,3
"165","2024-01-11_5",3,NA,NA,NA,NA,2.79468487296923,3,3
"168","2024-01-11_50",1,NA,NA,NA,NA,1.57495325992824,4,4
"169","2024-01-11_51",1,NA,NA,NA,NA,2.79468487296923,4,4
"170","2024-01-11_52",1,NA,NA,NA,NA,2.79468487296923,4,4
"171","2024-01-11_53",1,NA,NA,NA,NA,1.89084263025597,4,4
"172","2024-01-11_54",1,NA,NA,NA,NA,2.36824837098863,4,4
"173","2024-01-11_55",1,NA,NA,NA,NA,2.36824837098863,4,4
"174","2024-01-11_57",2,NA,NA,NA,NA,2.79468487296923,4,4
"176","2024-01-11_58",1,NA,NA,NA,NA,3.17928360069843,4,4
"177","2024-01-11_59",1,NA,NA,NA,NA,2.05632436272067,4,4
"178","2024-01-11_6",1,NA,NA,NA,NA,1.89084263025597,3,3
"179","2024-01-11_60",7,NA,NA,NA,NA,1.57495325992824,3,4
"181","2024-01-11_61",1,NA,NA,NA,NA,1.75026496959489,3,4
"182","2024-01-11_7",1,NA,NA,NA,NA,2.15060132758786,3,3
"184","2024-01-11_8",1,NA,NA,NA,NA,2.25409365749545,3,3
"185","2024-01-11_9",2,NA,NA,NA,NA,2.79468487296923,3,3
"188","2024-01-12_1",2,NA,NA,NA,NA,2.36824837098863,2,3
"189","2024-01-12_10",2,NA,NA,NA,NA,2.63606300001936,3,3
"191","2024-01-12_11",5,NA,NA,NA,NA,4.02035769248287,3,3
"193","2024-01-12_12",1,NA,NA,NA,NA,3.17928360069843,3,3
"194","2024-01-12_13",2,NA,NA,NA,NA,3.41592198226332,3,3
"195","2024-01-12_14",4,NA,NA,NA,NA,3.17928360069843,3,3
"196","2024-01-12_15",1,NA,NA,NA,NA,4.90704554142547,3,2
"198","2024-01-12_16",2,NA,NA,NA,NA,2.63606300001936,3,2
"200","2024-01-12_17",3,NA,NA,NA,NA,2.36824837098863,3,2
"202","2024-01-12_18",3,NA,NA,NA,NA,2.63606300001936,3,2
"204","2024-01-12_19",2,NA,NA,NA,NA,3.69241531050002,3,2
"206","2024-01-12_2",1,NA,NA,NA,NA,2.15060132758786,2,3
"207","2024-01-12_20",5,3,NA,1,1,2.97423100137033,3,2
"209","2024-01-12_21",2,NA,NA,NA,NA,2.97423100137033,3,2
"211","2024-01-12_22",3,NA,NA,NA,NA,2.36824837098863,3,2
"214","2024-01-12_24",1,2,NA,1,0,2.49483859424186,3,2
"215","2024-01-12_25",2,2,2,1,0,2.15060132758786,3,3
"216","2024-01-12_26",1,NA,NA,NA,NA,2.63606300001936,3,3
"218","2024-01-12_27",1,NA,NA,NA,NA,1.89084263025597,3,3
"220","2024-01-12_28",2,NA,NA,NA,NA,1.75026496959489,3,3
"222","2024-01-12_29",2,NA,NA,NA,NA,1.38971211320091,4,3
"223","2024-01-12_3",2,NA,NA,NA,NA,3.17928360069843,2,3
"224","2024-01-12_30",1,NA,NA,NA,NA,3.17928360069843,4,3
"225","2024-01-12_31",5,NA,NA,NA,NA,4.41663143367504,4,4
"227","2024-01-12_32",1,NA,NA,NA,NA,1.89084263025597,4,4
"228","2024-01-12_33",3,NA,NA,NA,NA,3.17928360069843,4,4
"229","2024-01-12_34",2,NA,NA,NA,NA,1.89084263025597,4,4
"230","2024-01-12_35",2,NA,NA,NA,NA,2.63606300001936,4,4
"231","2024-01-12_36",3,NA,NA,NA,NA,2.79468487296923,4,4
"233","2024-01-12_37",1,NA,NA,NA,NA,4.41663143367504,4,4
"234","2024-01-12_38",5,NA,NA,NA,NA,2.36824837098863,4,4
"235","2024-01-12_39",1,NA,NA,NA,NA,1.43178424862676,4,4
"236","2024-01-12_4",3,NA,NA,NA,NA,2.79468487296923,2,3
"238","2024-01-12_40",2,NA,NA,NA,NA,1.57495325992824,3,4
"240","2024-01-12_41",3,NA,NA,NA,NA,1.89084263025597,3,4
"243","2024-01-12_42",1,NA,NA,NA,NA,1.27720475039553,3,4
"244","2024-01-12_43",3,5,NA,1,0,1.57495325992824,3,4
"248","2024-01-12_44",2,NA,NA,NA,NA,1.89084263025597,3,4
"250","2024-01-12_45",2,NA,NA,NA,NA,1.68760620011035,3,4
"251","2024-01-12_46",2,2,NA,1,0,1.57495325992824,3,4
"255","2024-01-12_47",5,NA,NA,NA,NA,1.00614708174896,3,4
"257","2024-01-12_48",2,NA,NA,NA,NA,2.36824837098863,3,4
"260","2024-01-12_49",5,NA,NA,NA,NA,2.36824837098863,3,4
"263","2024-01-12_5",4,NA,NA,NA,NA,2.79468487296923,3,3
"265","2024-01-12_50",1,NA,NA,NA,NA,1.89084263025597,3,4
"266","2024-01-12_51",5,NA,NA,NA,NA,2.79468487296923,3,4
"270","2024-01-12_52",2,NA,NA,NA,NA,3.17928360069843,3,4
"272","2024-01-12_53",1,NA,NA,NA,NA,1.89084263025597,3,4
"274","2024-01-12_54",2,NA,NA,NA,NA,2.97423100137033,3,4
"275","2024-01-12_55",1,NA,NA,NA,NA,1.35005681175826,3,4
"276","2024-01-12_56",2,NA,NA,NA,NA,1.35005681175826,3,4
"277","2024-01-12_57",1,NA,NA,NA,NA,1.47650273882677,3,4
"278","2024-01-12_58",1,NA,NA,NA,NA,1.05070927757734,3,4
"279","2024-01-12_6",1,NA,NA,NA,NA,2.79468487296923,2,3
"280","2024-01-12_7",1,NA,NA,NA,NA,2.63606300001936,2,3
"281","2024-01-12_8",2,NA,NA,NA,NA,3.17928360069843,3,3
"283","2024-01-12_9",4,NA,NA,NA,NA,3.17928360069843,3,3
"285","2024-01-15_1",2,NA,NA,NA,NA,1.38971211320091,2,3
"286","2024-01-15_10",3,1,NA,1,1,2.36824837098863,2,3
"287","2024-01-15_11",1,NA,NA,NA,NA,3.17928360069843,2,3
"288","2024-01-15_12",1,1,NA,1,1,1.89084263025597,2,3
"289","2024-01-15_13",1,NA,NA,NA,NA,0.860301852033729,2,3
"290","2024-01-15_14",1,NA,NA,NA,NA,2.79468487296923,2,2
"291","2024-01-15_15",6,NA,NA,NA,NA,2.79468487296923,2,2
"292","2024-01-15_16",5,NA,NA,NA,NA,3.17928360069843,2,2
"297","2024-01-15_17",1,NA,NA,NA,NA,3.17928360069843,2,2
"298","2024-01-15_18",1,NA,NA,NA,NA,3.17928360069843,2,2
"299","2024-01-15_19",1,4,4,0,1,2.79468487296923,2,2
"300","2024-01-15_2",1,NA,NA,NA,NA,1.57495325992824,2,3
"301","2024-01-15_20",1,NA,NA,NA,NA,1.75026496959489,2,2
"302","2024-01-15_21",3,6,6,0,1,2.79468487296923,2,2
"304","2024-01-15_22",2,NA,NA,NA,NA,1.89084263025597,2,2
"306","2024-01-15_23",2,NA,NA,NA,NA,2.05632436272067,2,2
"308","2024-01-15_24",2,NA,NA,NA,NA,2.63606300001936,2,2
"310","2024-01-15_25",4,NA,NA,NA,NA,2.36824837098863,2,2
"312","2024-01-15_26",5,NA,NA,NA,NA,1.89084263025597,2,2
"313","2024-01-15_27",2,NA,NA,NA,NA,3.69241531050002,2,2
"314","2024-01-15_28",1,1,NA,1,1,2.79468487296923,2,2
"315","2024-01-15_29",1,NA,NA,NA,NA,6.37220098187575,2,2
"316","2024-01-15_3",1,NA,NA,NA,NA,1.68760620011035,2,3
"318","2024-01-15_30",2,NA,NA,NA,NA,3.69241531050002,2,2
"320","2024-01-15_31",3,NA,NA,NA,NA,1.57495325992824,2,2
"322","2024-01-15_32",6,NA,NA,NA,NA,2.79468487296923,2,2
"324","2024-01-15_33",6,NA,NA,NA,NA,2.05632436272067,2,2
"326","2024-01-15_34",3,NA,NA,NA,NA,1.89084263025597,2,2
"328","2024-01-15_35",1,NA,NA,NA,NA,2.97423100137033,2,2
"329","2024-01-15_36",1,NA,NA,NA,NA,9.58888424289338,2,2
"330","2024-01-15_37",3,NA,NA,NA,NA,3.17928360069843,2,2
"331","2024-01-15_38",2,NA,NA,NA,NA,2.79468487296923,2,2
"332","2024-01-15_39",2,NA,NA,NA,NA,6.37220098187575,2,2
"333","2024-01-15_4",1,NA,NA,NA,NA,2.05632436272067,2,4
"334","2024-01-15_40",1,NA,NA,NA,NA,1.18163024379646,2,2
"335","2024-01-15_41",2,3,3,1,1,2.36824837098863,2,2
"336","2024-01-15_42",1,NA,NA,NA,NA,2.63606300001936,2,2
"337","2024-01-15_43",2,NA,NA,NA,NA,1.43178424862676,2,2
"338","2024-01-15_44",2,NA,NA,NA,NA,1.31261476472844,2,2
"339","2024-01-15_45",1,NA,NA,NA,NA,2.36824837098863,2,2
"340","2024-01-15_46",1,NA,NA,NA,NA,1.31261476472844,2,2
"341","2024-01-15_47",1,NA,NA,NA,NA,1.75026496959489,2,2
"344","2024-01-15_5",1,NA,NA,NA,NA,2.05632436272067,2,3
"346","2024-01-15_50",4,NA,NA,NA,NA,4.90704554142547,2,2
"347","2024-01-15_51",1,NA,NA,NA,NA,4.41663143367504,2,2
"348","2024-01-15_52",1,NA,NA,NA,NA,2.97423100137033,2,2
"349","2024-01-15_53",3,NA,NA,NA,NA,2.36824837098863,2,2
"350","2024-01-15_54",6,NA,NA,NA,NA,2.97423100137033,2,2
"352","2024-01-15_55",2,NA,NA,NA,NA,1.89084263025597,2,2
"353","2024-01-15_56",3,NA,NA,NA,NA,4.02035769248287,2,2
"354","2024-01-15_57",3,NA,NA,NA,NA,2.49483859424186,2,2
"355","2024-01-15_58",3,NA,NA,NA,NA,1.89084263025597,2,2
"356","2024-01-15_59",3,4,NA,1,1,2.79468487296923,2,2
"357","2024-01-15_6",2,NA,NA,NA,NA,2.63606300001936,2,3
"360","2024-01-15_60",5,NA,NA,NA,NA,2.36824837098863,2,2
"362","2024-01-15_61",2,NA,NA,NA,NA,2.63606300001936,2,2
"365","2024-01-15_62",1,NA,NA,NA,NA,2.36824837098863,2,2
"366","2024-01-15_63",1,NA,NA,NA,NA,2.05632436272067,2,2
"367","2024-01-15_64",1,NA,NA,NA,NA,2.36824837098863,2,2
"368","2024-01-15_65",2,NA,NA,NA,NA,2.63606300001936,2,2
"369","2024-01-15_66",1,NA,NA,NA,NA,2.79468487296923,2,2
"370","2024-01-15_67",1,NA,NA,NA,NA,2.97423100137033,2,2
"371","2024-01-15_68",1,NA,NA,NA,NA,2.05632436272067,2,2
"373","2024-01-15_69",1,NA,NA,NA,NA,2.79468487296923,2,2
"374","2024-01-15_7",1,NA,NA,NA,NA,2.79468487296923,2,3
"376","2024-01-15_70",1,NA,NA,NA,NA,3.17928360069843,2,2
"377","2024-01-15_71",4,NA,NA,NA,NA,2.63606300001936,2,2
"379","2024-01-15_72",2,NA,NA,NA,NA,3.17928360069843,2,2
"380","2024-01-15_73",1,NA,NA,NA,NA,4.90704554142547,2,2
"381","2024-01-15_74",4,NA,NA,NA,NA,3.17928360069843,2,2
"382","2024-01-15_75",3,NA,NA,NA,NA,2.36824837098863,2,2
"384","2024-01-15_76",1,NA,NA,NA,NA,3.17928360069843,2,2
"385","2024-01-15_77",1,NA,NA,NA,NA,2.05632436272067,2,2
"387","2024-01-15_78",1,NA,NA,NA,NA,2.79468487296923,2,2
"388","2024-01-15_8",1,NA,NA,NA,NA,2.63606300001936,2,3
"389","2024-01-15_9",1,NA,NA,NA,NA,1.89084263025597,2,3
"390","2024-01-16_1",1,NA,NA,NA,NA,2.05632436272067,2,3
"391","2024-01-16_10",1,NA,NA,NA,NA,2.79468487296923,2,3
"392","2024-01-16_11",3,NA,NA,NA,NA,3.17928360069843,2,3
"393","2024-01-16_12",1,NA,NA,NA,NA,2.97423100137033,2,3
"394","2024-01-16_13",1,NA,NA,NA,NA,4.41663143367504,2,3
"395","2024-01-16_14",4,NA,NA,NA,NA,3.69241531050002,2,3
"396","2024-01-16_15",1,NA,NA,NA,NA,2.63606300001936,2,3
"397","2024-01-16_16",1,NA,NA,NA,NA,3.17928360069843,2,3
"398","2024-01-16_17",1,NA,NA,NA,NA,3.17928360069843,2,3
"399","2024-01-16_18",2,NA,NA,NA,NA,2.79468487296923,2,3
"401","2024-01-16_19",4,NA,NA,NA,NA,2.63606300001936,2,3
"404","2024-01-16_2",1,NA,NA,NA,NA,1.97006933947847,2,3
"405","2024-01-16_20",2,NA,NA,NA,NA,3.69241531050002,2,3
"406","2024-01-16_21",1,NA,NA,NA,NA,1.68760620011035,2,3
"407","2024-01-16_22",4,NA,NA,NA,NA,1.97006933947847,2,3
"411","2024-01-16_23",3,NA,NA,NA,NA,2.05632436272067,2,3
"412","2024-01-16_24",6,3,NA,1,1,2.79468487296923,2,2
"414","2024-01-16_25",1,NA,NA,NA,NA,1.05070927757734,2,2
"415","2024-01-16_26",2,NA,NA,NA,NA,1.43178424862676,2,2
"416","2024-01-16_27",3,NA,NA,NA,NA,2.79468487296923,2,2
"418","2024-01-16_28",2,NA,NA,NA,NA,1.43178424862676,2,2
"419","2024-01-16_29",4,NA,NA,NA,NA,2.05632436272067,2,2
"421","2024-01-16_3",1,NA,NA,NA,NA,2.49483859424186,2,3
"422","2024-01-16_30",2,NA,NA,NA,NA,4.90704554142547,2,2
"423","2024-01-16_31",1,NA,NA,NA,NA,4.02035769248287,2,2
"424","2024-01-16_32",2,NA,NA,NA,NA,3.17928360069843,2,2
"426","2024-01-16_33",2,NA,NA,NA,NA,1.05070927757734,2,2
"428","2024-01-16_34",2,NA,NA,NA,NA,3.17928360069843,2,2
"429","2024-01-16_35",1,NA,NA,NA,NA,3.17928360069843,2,2
"430","2024-01-16_36",3,NA,NA,NA,NA,2.36824837098863,2,2
"431","2024-01-16_37",1,NA,NA,NA,NA,4.02035769248287,2,2
"432","2024-01-16_38",2,NA,NA,NA,NA,4.41663143367504,2,2
"434","2024-01-16_39",1,NA,NA,NA,NA,2.63606300001936,2,2
"435","2024-01-16_4",1,NA,NA,NA,NA,2.63606300001936,2,3
"436","2024-01-16_40",3,NA,NA,NA,NA,3.69241531050002,2,2
"437","2024-01-16_41",2,NA,NA,NA,NA,2.79468487296923,2,2
"438","2024-01-16_42",1,NA,NA,NA,NA,1.43178424862676,2,2
"439","2024-01-16_43",1,NA,NA,NA,NA,5.53372688927086,2,2
"440","2024-01-16_44",1,NA,NA,NA,NA,2.97423100137033,2,2
"441","2024-01-16_45",2,NA,NA,NA,NA,3.17928360069843,2,2
"442","2024-01-16_46",1,NA,NA,NA,NA,3.17928360069843,2,2
"443","2024-01-16_47",6,NA,NA,NA,NA,2.97423100137033,2,2
"444","2024-01-16_48",3,NA,NA,NA,NA,2.97423100137033,2,2
"446","2024-01-16_49",1,NA,NA,NA,NA,2.05632436272067,2,2
"447","2024-01-16_5",2,NA,NA,NA,NA,2.63606300001936,2,3
"448","2024-01-16_51",7,NA,NA,NA,NA,2.63606300001936,2,2
"451","2024-01-16_52",1,NA,NA,NA,NA,3.17928360069843,2,2
"453","2024-01-16_53",4,NA,NA,NA,NA,2.79468487296923,2,2
"455","2024-01-16_54",1,NA,NA,NA,NA,3.41592198226332,2,2
"457","2024-01-16_55",1,3,NA,0,1,2.79468487296923,2,2
"460","2024-01-16_56",2,NA,NA,NA,NA,6.37220098187575,2,2
"461","2024-01-16_57",1,NA,NA,NA,NA,6.37220098187575,2,2
"462","2024-01-16_58",2,NA,NA,NA,NA,6.37220098187575,2,2
"463","2024-01-16_59",1,NA,NA,NA,NA,2.79468487296923,2,2
"464","2024-01-16_6",2,NA,NA,NA,NA,2.97423100137033,2,3
"465","2024-01-16_60",1,NA,NA,NA,NA,6.37220098187575,2,2
"466","2024-01-16_61",2,NA,NA,NA,NA,6.37220098187575,2,2
"468","2024-01-16_62",1,NA,NA,NA,NA,6.37220098187575,2,2
"470","2024-01-16_63",3,NA,NA,NA,NA,4.90704554142547,2,2
"471","2024-01-16_64",5,NA,NA,NA,NA,2.63606300001936,2,2
"473","2024-01-16_65",1,NA,NA,NA,NA,2.79468487296923,2,2
"474","2024-01-16_66",2,NA,NA,NA,NA,6.37220098187575,2,2
"475","2024-01-16_67",3,NA,NA,NA,NA,2.79468487296923,2,2
"477","2024-01-16_68",1,NA,NA,NA,NA,2.05632436272067,2,2
"478","2024-01-16_69",5,NA,NA,NA,NA,2.97423100137033,2,2
"480","2024-01-16_7",1,NA,NA,NA,NA,4.90704554142547,2,3
"481","2024-01-16_70",1,NA,NA,NA,NA,2.36824837098863,2,2
"483","2024-01-16_71",2,NA,NA,NA,NA,2.79468487296923,2,2
"484","2024-01-16_72",4,NA,NA,NA,NA,2.79468487296923,2,2
"485","2024-01-16_73",6,NA,NA,NA,NA,2.79468487296923,2,2
"486","2024-01-16_74",6,NA,NA,NA,NA,2.36824837098863,2,2
"488","2024-01-16_75",2,NA,NA,NA,NA,3.17928360069843,2,2
"490","2024-01-16_76",2,NA,NA,NA,NA,2.63606300001936,2,2
"491","2024-01-16_77",2,NA,NA,NA,NA,1.75026496959489,2,2
"493","2024-01-16_78",5,NA,NA,NA,NA,2.97423100137033,2,3
"496","2024-01-16_79",1,NA,NA,NA,NA,3.69241531050002,2,2
"497","2024-01-16_8",1,NA,NA,NA,NA,2.36824837098863,2,3
"498","2024-01-16_80",5,NA,NA,NA,NA,2.97423100137033,2,3
"500","2024-01-16_81",4,NA,NA,NA,NA,2.97423100137033,2,3
"502","2024-01-16_82",2,NA,NA,NA,NA,3.41592198226332,2,3
"503","2024-01-16_83",3,NA,NA,NA,NA,4.02035769248287,2,3
"504","2024-01-16_9",1,NA,NA,NA,NA,2.63606300001936,2,3
"505","2024-01-17_10",1,NA,NA,NA,NA,2.49483859424186,2,4
"506","2024-01-17_11",4,NA,NA,NA,NA,3.69241531050002,2,3
"507","2024-01-17_12",1,NA,NA,NA,NA,2.63606300001936,2,3
"509","2024-01-17_13",2,NA,NA,NA,NA,2.97423100137033,2,3
"512","2024-01-17_14",1,NA,NA,NA,NA,2.25409365749545,2,3
"513","2024-01-17_15",2,NA,NA,NA,NA,4.41663143367504,2,3
"515","2024-01-17_16",1,NA,NA,NA,NA,3.41592198226332,2,3
"516","2024-01-17_17",2,NA,NA,NA,NA,1.97006933947847,3,3
"519","2024-01-17_18",1,NA,NA,NA,NA,4.02035769248287,3,3
"520","2024-01-17_19",2,NA,NA,NA,NA,4.90704554142547,3,3
"523","2024-01-17_2",1,NA,NA,NA,NA,0.474317661345538,2,3
"524","2024-01-17_20",2,NA,NA,NA,NA,2.63606300001936,3,3
"525","2024-01-17_21",2,NA,NA,NA,NA,9.58888424289338,3,3
"526","2024-01-17_22",2,NA,NA,NA,NA,1.81780986621159,3,3
"527","2024-01-17_23",2,NA,NA,NA,NA,2.63606300001936,3,3
"529","2024-01-17_24",1,NA,NA,NA,NA,4.90704554142547,3,3
"531","2024-01-17_25",1,NA,NA,NA,NA,2.79468487296923,3,3
"532","2024-01-17_26",1,NA,NA,NA,NA,2.79468487296923,3,3
"533","2024-01-17_27",3,NA,NA,NA,NA,3.17928360069843,3,3
"536","2024-01-17_28",2,NA,NA,NA,NA,4.90704554142547,3,3
"537","2024-01-17_29",2,NA,NA,NA,NA,1.57495325992824,3,3
"540","2024-01-17_3",7,NA,NA,NA,NA,2.05632436272067,2,3
"544","2024-01-17_30",1,NA,NA,NA,NA,0.451820531283886,3,3
"545","2024-01-17_31",2,NA,NA,NA,NA,3.17928360069843,3,2
"547","2024-01-17_32",2,NA,NA,NA,NA,2.05632436272067,3,2
"549","2024-01-17_33",4,NA,NA,NA,NA,2.05632436272067,3,2
"552","2024-01-17_34",5,NA,NA,NA,NA,4.90704554142547,4,2
"555","2024-01-17_35",5,NA,NA,NA,NA,2.25409365749545,4,2
"559","2024-01-17_36",3,NA,NA,NA,NA,3.17928360069843,4,2
"560","2024-01-17_37",2,NA,NA,NA,NA,2.79468487296923,4,2
"562","2024-01-17_38",4,NA,NA,NA,NA,9.58888424289338,4,2
"563","2024-01-17_39",1,NA,NA,NA,NA,3.17928360069843,4,2
"564","2024-01-17_4",1,NA,NA,NA,NA,1.75026496959489,2,3
"565","2024-01-17_40",1,NA,NA,NA,NA,1.81780986621159,4,2
"567","2024-01-17_41",1,NA,NA,NA,NA,1.57495325992824,4,2
"569","2024-01-17_42",1,NA,NA,NA,NA,3.17928360069843,4,2
"570","2024-01-17_43",2,NA,NA,NA,NA,3.17928360069843,4,2
"571","2024-01-17_44",1,NA,NA,NA,NA,1.35005681175826,4,2
"572","2024-01-17_45",4,NA,NA,NA,NA,1.89084263025597,4,3
"575","2024-01-17_46",2,NA,NA,NA,NA,2.49483859424186,4,3
"577","2024-01-17_47",3,NA,NA,NA,NA,2.63606300001936,4,3
"578","2024-01-17_48",4,NA,NA,NA,NA,2.36824837098863,4,3
"581","2024-01-17_49",4,NA,NA,NA,NA,2.79468487296923,4,3
"582","2024-01-17_5",2,NA,NA,NA,NA,1.57495325992824,2,3
"583","2024-01-17_50",8,NA,NA,NA,NA,2.36824837098863,4,3
"586","2024-01-17_51",4,NA,NA,NA,NA,2.79468487296923,4,3
"588","2024-01-17_52",1,NA,NA,NA,NA,3.17928360069843,4,3
"589","2024-01-17_53",4,NA,NA,NA,NA,2.63606300001936,4,3
"591","2024-01-17_54",5,NA,NA,NA,NA,1.89084263025597,4,3
"593","2024-01-17_55",5,NA,NA,NA,NA,3.17928360069843,4,3
"594","2024-01-17_56",2,NA,NA,NA,NA,1.75026496959489,4,3
"595","2024-01-17_57",4,NA,NA,NA,NA,2.97423100137033,4,3
"596","2024-01-17_58",2,NA,NA,NA,NA,2.97423100137033,4,3
"597","2024-01-17_59",3,NA,NA,NA,NA,2.05632436272067,4,3
"598","2024-01-17_6",1,NA,NA,NA,NA,1.62931741563283,2,3
"599","2024-01-17_60",4,NA,NA,NA,NA,2.49483859424186,4,3
"601","2024-01-17_61",1,NA,NA,NA,NA,2.79468487296923,4,3
"602","2024-01-17_62",3,NA,NA,NA,NA,2.79468487296923,4,3
"603","2024-01-17_63",1,NA,NA,NA,NA,2.49483859424186,4,3
"604","2024-01-17_64",2,NA,NA,NA,NA,2.63606300001936,4,3
"605","2024-01-17_65",1,NA,NA,NA,NA,3.17928360069843,4,3
"606","2024-01-17_66",1,NA,NA,NA,NA,3.41592198226332,4,3
"607","2024-01-17_67",1,NA,NA,NA,NA,2.79468487296923,4,3
"608","2024-01-17_68",1,NA,NA,NA,NA,2.97423100137033,4,3
"610","2024-01-17_69",2,NA,NA,NA,NA,1.27720475039553,4,3
"611","2024-01-17_7",5,NA,NA,NA,NA,2.63606300001936,2,3
"613","2024-01-17_70",1,NA,NA,NA,NA,3.17928360069843,4,3
"614","2024-01-17_71",2,NA,NA,NA,NA,3.17928360069843,4,3
"615","2024-01-17_72",1,NA,NA,NA,NA,7.57951540421067,4,3
"616","2024-01-17_73",1,NA,NA,NA,NA,2.15060132758786,4,3
"617","2024-01-17_74",1,NA,NA,NA,NA,4.41663143367504,4,3
"618","2024-01-17_75",1,NA,NA,NA,NA,7.57951540421067,4,3
"619","2024-01-17_76",1,NA,NA,NA,NA,2.05632436272067,4,3
"620","2024-01-17_77",2,NA,NA,NA,NA,3.17928360069843,4,3
"621","2024-01-17_78",1,NA,NA,NA,NA,1.57495325992824,4,3
"622","2024-01-17_79",2,NA,NA,NA,NA,7.57951540421067,4,3
"623","2024-01-17_8",1,NA,NA,NA,NA,9.58888424289338,2,3
"624","2024-01-17_80",2,NA,NA,NA,NA,3.17928360069843,4,3
"625","2024-01-17_81",1,NA,NA,NA,NA,3.17928360069843,4,3
"626","2024-01-17_82",1,NA,NA,NA,NA,4.90704554142547,4,3
"627","2024-01-17_83",2,NA,NA,NA,NA,3.17928360069843,4,3
"628","2024-01-17_84",3,NA,NA,NA,NA,3.17928360069843,4,3
"629","2024-01-17_85",2,NA,NA,NA,NA,2.97423100137033,4,3
"630","2024-01-17_86",1,NA,NA,NA,NA,3.17928360069843,4,3
"631","2024-01-17_87",2,NA,NA,NA,NA,3.69241531050002,4,3
"632","2024-01-17_88",2,NA,NA,NA,NA,2.49483859424186,4,3
"633","2024-01-17_9",1,NA,NA,NA,NA,3.17928360069843,2,4
"634","2024-01-18_1",1,NA,NA,NA,NA,2.36824837098863,2,3
"635","2024-01-18_10",3,NA,NA,NA,NA,2.36824837098863,2,3
"636","2024-01-18_100",4,NA,NA,NA,NA,1.89084263025597,4,4
"638","2024-01-18_101",1,NA,NA,NA,NA,1.75026496959489,4,4
"639","2024-01-18_102",1,NA,NA,NA,NA,3.69241531050002,4,4
"640","2024-01-18_11",1,NA,NA,NA,NA,4.90704554142547,2,3
"641","2024-01-18_12",1,NA,NA,NA,NA,2.79468487296923,2,3
"642","2024-01-18_13",1,NA,NA,NA,NA,2.36824837098863,2,3
"644","2024-01-18_14",1,NA,NA,NA,NA,2.79468487296923,2,3
"645","2024-01-18_15",2,NA,NA,NA,NA,3.17928360069843,2,3
"646","2024-01-18_16",1,NA,NA,NA,NA,4.02035769248287,2,3
"647","2024-01-18_17",1,NA,NA,NA,NA,2.63606300001936,2,3
"648","2024-01-18_18",1,NA,NA,NA,NA,2.15060132758786,2,3
"649","2024-01-18_19",1,NA,NA,NA,NA,1.89084263025597,2,3
"651","2024-01-18_2",1,NA,NA,NA,NA,2.25409365749545,2,3
"652","2024-01-18_20",2,NA,NA,NA,NA,1.97006933947847,2,3
"653","2024-01-18_21",1,NA,NA,NA,NA,2.05632436272067,2,3
"654","2024-01-18_22",1,NA,NA,NA,NA,1.89084263025597,2,3
"655","2024-01-18_23",1,NA,NA,NA,NA,2.79468487296923,2,3
"656","2024-01-18_24",2,NA,NA,NA,NA,3.17928360069843,2,3
"657","2024-01-18_25",2,NA,NA,NA,NA,2.63606300001936,2,3
"658","2024-01-18_26",3,NA,NA,NA,NA,1.89084263025597,2,3
"659","2024-01-18_27",1,NA,NA,NA,NA,1.05070927757734,2,3
"660","2024-01-18_28",2,NA,NA,NA,NA,1.81780986621159,2,3
"661","2024-01-18_29",1,NA,NA,NA,NA,1.89084263025597,2,3
"662","2024-01-18_3",1,NA,NA,NA,NA,9.58888424289338,2,3
"663","2024-01-18_30",2,NA,NA,NA,NA,2.63606300001936,2,3
"664","2024-01-18_31",1,NA,NA,NA,NA,1.89084263025597,2,2
"667","2024-01-18_32",2,NA,NA,NA,NA,1.89084263025597,2,2
"669","2024-01-18_33",1,NA,NA,NA,NA,2.63606300001936,2,2
"670","2024-01-18_34",4,NA,NA,NA,NA,2.36824837098863,2,2
"671","2024-01-18_35",2,NA,NA,NA,NA,1.57495325992824,2,2
"672","2024-01-18_36",2,NA,NA,NA,NA,2.05632436272067,2,2
"673","2024-01-18_37",3,NA,NA,NA,NA,1.75026496959489,2,3
"676","2024-01-18_38",2,NA,NA,NA,NA,1.89084263025597,2,2
"677","2024-01-18_39",2,NA,NA,NA,NA,2.79468487296923,2,2
"678","2024-01-18_4",4,NA,NA,NA,NA,2.97423100137033,2,3
"680","2024-01-18_40",1,NA,NA,NA,NA,3.69241531050002,2,2
"681","2024-01-18_41",1,NA,NA,NA,NA,1.35005681175826,2,2
"682","2024-01-18_42",3,NA,NA,NA,NA,1.81780986621159,2,2
"683","2024-01-18_43",1,NA,NA,NA,NA,1.57495325992824,2,3
"684","2024-01-18_44",4,NA,NA,NA,NA,1.75026496959489,2,3
"685","2024-01-18_45",2,NA,NA,NA,NA,1.27720475039553,2,3
"687","2024-01-18_46",4,NA,NA,NA,NA,2.36824837098863,2,3
"689","2024-01-18_47",3,NA,NA,NA,NA,2.63606300001936,2,3
"693","2024-01-18_48",1,NA,NA,NA,NA,3.17928360069843,2,3
"694","2024-01-18_5",2,NA,NA,NA,NA,2.97423100137033,2,3
"697","2024-01-18_50",1,NA,NA,NA,NA,6.37220098187575,2,3
"698","2024-01-18_51",1,NA,NA,NA,NA,7.57951540421067,2,3
"700","2024-01-18_52",2,NA,NA,NA,NA,4.90704554142547,2,3
"701","2024-01-18_53",4,NA,NA,NA,NA,2.49483859424186,2,3
"703","2024-01-18_54",1,NA,NA,NA,NA,2.05632436272067,2,3
"704","2024-01-18_55",2,NA,NA,NA,NA,2.79468487296923,3,3
"706","2024-01-18_56",2,NA,NA,NA,NA,2.36824837098863,2,3
"707","2024-01-18_57",3,NA,NA,NA,NA,2.63606300001936,3,3
"709","2024-01-18_58",2,NA,NA,NA,NA,4.02035769248287,3,3
"710","2024-01-18_59",2,NA,NA,NA,NA,3.17928360069843,3,3
"712","2024-01-18_6",1,NA,NA,NA,NA,2.36824837098863,2,3
"714","2024-01-18_60",2,NA,NA,NA,NA,3.17928360069843,3,3
"715","2024-01-18_61",2,NA,NA,NA,NA,2.63606300001936,3,3
"716","2024-01-18_62",3,NA,NA,NA,NA,3.17928360069843,3,3
"717","2024-01-18_63",1,NA,NA,NA,NA,2.97423100137033,3,3
"718","2024-01-18_64",1,NA,NA,NA,NA,4.90704554142547,4,4
"719","2024-01-18_65",1,NA,NA,NA,NA,2.63606300001936,4,4
"720","2024-01-18_66",1,NA,NA,NA,NA,6.37220098187575,4,4
"721","2024-01-18_67",1,NA,NA,NA,NA,4.90704554142547,4,4
"722","2024-01-18_68",1,NA,NA,NA,NA,7.57951540421067,4,4
"723","2024-01-18_69",3,NA,NA,NA,NA,2.97423100137033,4,4
"724","2024-01-18_7",1,NA,NA,NA,NA,3.41592198226332,2,3
"725","2024-01-18_70",1,NA,NA,NA,NA,4.41663143367504,4,4
"726","2024-01-18_71",1,NA,NA,NA,NA,7.57951540421067,4,4
"727","2024-01-18_72",2,NA,NA,NA,NA,4.90704554142547,4,4
"728","2024-01-18_73",1,NA,NA,NA,NA,1.89084263025597,4,4
"729","2024-01-18_74",1,NA,NA,NA,NA,4.02035769248287,4,4
"730","2024-01-18_75",2,NA,NA,NA,NA,2.79468487296923,4,4
"731","2024-01-18_76",3,NA,NA,NA,NA,3.17928360069843,4,4
"732","2024-01-18_77",2,NA,NA,NA,NA,0.499177782949687,4,4
"733","2024-01-18_78",1,NA,NA,NA,NA,2.63606300001936,4,4
"734","2024-01-18_79",2,NA,NA,NA,NA,2.05632436272067,4,4
"735","2024-01-18_8",1,NA,NA,NA,NA,1.89084263025597,2,3
"736","2024-01-18_80",2,NA,NA,NA,NA,2.49483859424186,4,4
"737","2024-01-18_81",1,NA,NA,NA,NA,3.41592198226332,4,4
"738","2024-01-18_82",2,NA,NA,NA,NA,2.63606300001936,4,4
"739","2024-01-18_83",3,NA,NA,NA,NA,4.02035769248287,4,4
"740","2024-01-18_84",2,NA,NA,NA,NA,2.15060132758786,4,4
"741","2024-01-18_85",1,NA,NA,NA,NA,3.17928360069843,4,4
"742","2024-01-18_86",2,NA,NA,NA,NA,2.05632436272067,4,4
"743","2024-01-18_87",2,NA,NA,NA,NA,2.79468487296923,4,4
"745","2024-01-18_88",1,NA,NA,NA,NA,3.41592198226332,4,4
"746","2024-01-18_89",2,NA,NA,NA,NA,4.41663143367504,4,4
"747","2024-01-18_9",1,NA,NA,NA,NA,2.79468487296923,2,3
"748","2024-01-18_90",2,NA,NA,NA,NA,2.36824837098863,4,4
"751","2024-01-18_91",3,NA,NA,NA,NA,2.63606300001936,4,4
"754","2024-01-18_92",1,NA,NA,NA,NA,2.05632436272067,4,4
"755","2024-01-18_93",1,NA,NA,NA,NA,2.79468487296923,4,4
"757","2024-01-18_94",2,NA,NA,NA,NA,2.36824837098863,4,4
"758","2024-01-18_95",3,NA,NA,NA,NA,2.63606300001936,4,4
"759","2024-01-18_96",2,NA,NA,NA,NA,1.89084263025597,4,4
"761","2024-01-18_97",3,NA,NA,NA,NA,2.36824837098863,4,4
"763","2024-01-18_98",3,NA,NA,NA,NA,1.68760620011035,4,4
"765","2024-01-18_99",2,NA,NA,NA,NA,2.05632436272067,4,4
"767","2024-01-19_1",1,NA,NA,NA,NA,3.41592198226332,4,4
"768","2024-01-19_10",2,NA,NA,NA,NA,1.89084263025597,4,4
"769","2024-01-19_11",3,NA,NA,NA,NA,2.25409365749545,4,4
"770","2024-01-19_12",1,NA,NA,NA,NA,2.79468487296923,4,4
"771","2024-01-19_13",1,NA,NA,NA,NA,5.53372688927086,4,4
"772","2024-01-19_14",1,NA,NA,NA,NA,2.05632436272067,4,4
"773","2024-01-19_15",1,NA,NA,NA,NA,2.79468487296923,4,4
"774","2024-01-19_16",1,NA,NA,NA,NA,2.05632436272067,4,4
"776","2024-01-19_17",1,NA,NA,NA,NA,3.17928360069843,4,4
"777","2024-01-19_18",1,NA,NA,NA,NA,2.79468487296923,4,4
"778","2024-01-19_19",2,NA,NA,NA,NA,3.17928360069843,4,4
"779","2024-01-19_2",2,NA,NA,NA,NA,2.36824837098863,4,4
"780","2024-01-19_20",2,NA,NA,NA,NA,3.17928360069843,4,4
"781","2024-01-19_21",1,NA,NA,NA,NA,1.35005681175826,4,4
"782","2024-01-19_22",2,NA,NA,NA,NA,2.36824837098863,4,4
"783","2024-01-19_23",1,NA,NA,NA,NA,1.47650273882677,4,4
"785","2024-01-19_24",1,NA,NA,NA,NA,3.17928360069843,4,4
"786","2024-01-19_25",4,NA,NA,NA,NA,2.79468487296923,4,4
"787","2024-01-19_26",5,NA,NA,NA,NA,2.05632436272067,4,4
"788","2024-01-19_27",3,NA,NA,NA,NA,2.05632436272067,4,4
"789","2024-01-19_28",1,NA,NA,NA,NA,3.17928360069843,4,4
"790","2024-01-19_3",2,NA,NA,NA,NA,1.0994194355749,4,4
"791","2024-01-19_4",2,NA,NA,NA,NA,2.05632436272067,4,4
"792","2024-01-19_5",2,NA,NA,NA,NA,1.89084263025597,4,4
"793","2024-01-19_6",2,NA,NA,NA,NA,2.15060132758786,4,4
"796","2024-01-19_7",2,NA,NA,NA,NA,1.0994194355749,4,4
"797","2024-01-19_8",2,NA,NA,NA,NA,1.89084263025597,4,4
"799","2024-01-19_9",2,NA,NA,NA,NA,2.05632436272067,4,4
"800","2024-01-22_1",2,NA,NA,NA,NA,2.36824837098863,3,4
"801","2024-01-22_10",1,NA,NA,NA,NA,3.17928360069843,2,4
"802","2024-01-22_11",2,NA,NA,NA,NA,3.41592198226332,2,3
"804","2024-01-22_12",1,NA,NA,NA,NA,2.79468487296923,2,4
"805","2024-01-22_13",2,NA,NA,NA,NA,2.36824837098863,2,3
"808","2024-01-22_14",4,NA,NA,NA,NA,2.36824837098863,2,2
"812","2024-01-22_15",1,NA,NA,NA,NA,0.860301852033729,2,2
"815","2024-01-22_16",1,NA,NA,NA,NA,1.89084263025597,2,2
"816","2024-01-22_17",2,NA,NA,NA,NA,4.41663143367504,2,2
"820","2024-01-22_18",3,NA,NA,NA,NA,4.41663143367504,2,2
"823","2024-01-22_19",1,NA,NA,NA,NA,2.63606300001936,2,2
"824","2024-01-22_2",4,NA,NA,NA,NA,1.75026496959489,3,4
"828","2024-01-22_20",3,NA,NA,NA,NA,1.27720475039553,2,2
"830","2024-01-22_21",2,NA,NA,NA,NA,2.15060132758786,2,2
"832","2024-01-22_22",3,NA,NA,NA,NA,2.36824837098863,2,2
"835","2024-01-22_23",2,NA,NA,NA,NA,3.17928360069843,2,2
"837","2024-01-22_24",3,NA,NA,NA,NA,2.49483859424186,2,2
"839","2024-01-22_25",1,NA,NA,NA,NA,2.79468487296923,2,2
"840","2024-01-22_26",4,NA,NA,NA,NA,2.36824837098863,2,2
"841","2024-01-22_27",3,NA,NA,NA,NA,3.41592198226332,2,2
"842","2024-01-22_28",2,NA,NA,NA,NA,2.15060132758786,2,2
"843","2024-01-22_29",3,NA,NA,NA,NA,1.89084263025597,2,2
"844","2024-01-22_3",2,NA,NA,NA,NA,0.728435669980996,3,4
"845","2024-01-22_30",3,NA,NA,NA,NA,2.15060132758786,2,2
"846","2024-01-22_4",4,NA,NA,NA,NA,2.25409365749545,2,3
"849","2024-01-22_5",1,NA,NA,NA,NA,1.75026496959489,2,3
"852","2024-01-22_6",2,NA,NA,NA,NA,1.18163024379646,2,4
"854","2024-01-22_7",1,NA,NA,NA,NA,1.47650273882677,2,4
"855","2024-01-22_8",1,NA,NA,NA,NA,0.945988646942141,2,4
"856","2024-01-22_9",3,NA,NA,NA,NA,1.43178424862676,2,4
"857","2024-01-23_1",2,NA,NA,NA,NA,2.79468487296923,3,3
"860","2024-01-23_10",2,NA,NA,NA,NA,2.97423100137033,4,2
"863","2024-01-23_11",1,NA,NA,NA,NA,4.90704554142547,4,2
"865","2024-01-23_12",4,NA,NA,NA,NA,2.36824837098863,4,2
"868","2024-01-23_13",3,NA,NA,NA,NA,2.36824837098863,4,2
"870","2024-01-23_14",6,NA,NA,NA,NA,2.79468487296923,4,2
"873","2024-01-23_15",3,NA,NA,NA,NA,2.49483859424186,4,2
"877","2024-01-23_16",2,NA,NA,NA,NA,0.788882522925604,4,2
"879","2024-01-23_17",4,NA,NA,NA,NA,2.05632436272067,4,2
"880","2024-01-23_18",1,NA,NA,NA,NA,2.36824837098863,4,2
"881","2024-01-23_19",2,NA,NA,NA,NA,2.79468487296923,4,2
"883","2024-01-23_2",5,NA,NA,NA,NA,2.79468487296923,3,3
"888","2024-01-23_20",4,NA,NA,NA,NA,2.79468487296923,4,3
"891","2024-01-23_21",1,NA,NA,NA,NA,3.69241531050002,4,3
"892","2024-01-23_22",4,NA,NA,NA,NA,3.17928360069843,4,3
"894","2024-01-23_23",1,NA,NA,NA,NA,3.69241531050002,4,3
"895","2024-01-23_24",2,NA,NA,NA,NA,3.69241531050002,4,3
"896","2024-01-23_25",1,NA,NA,NA,NA,2.36824837098863,4,3
"898","2024-01-23_26",2,NA,NA,NA,NA,4.90704554142547,4,3
"899","2024-01-23_27",1,NA,NA,NA,NA,4.02035769248287,3,2
"901","2024-01-23_28",1,NA,NA,NA,NA,2.97423100137033,3,2
"904","2024-01-23_29",2,NA,NA,NA,NA,2.49483859424186,3,2
"906","2024-01-23_3",1,NA,NA,NA,NA,3.41592198226332,3,3
"907","2024-01-23_30",4,NA,NA,NA,NA,2.63606300001936,3,3
"910","2024-01-23_31",2,NA,NA,NA,NA,3.41592198226332,3,3
"911","2024-01-23_32",2,NA,NA,NA,NA,3.69241531050002,3,3
"913","2024-01-23_33",1,NA,NA,NA,NA,2.15060132758786,3,3
"914","2024-01-23_34",2,NA,NA,NA,NA,2.79468487296923,3,3
"916","2024-01-23_35",2,NA,NA,NA,NA,0.339267050119645,3,3
"917","2024-01-23_36",3,NA,NA,NA,NA,2.15060132758786,4,3
"921","2024-01-23_37",1,NA,NA,NA,NA,2.15060132758786,3,3
"922","2024-01-23_38",4,NA,NA,NA,NA,2.97423100137033,4,3
"925","2024-01-23_39",2,NA,NA,NA,NA,2.79468487296923,4,3
"928","2024-01-23_4",4,NA,NA,NA,NA,2.79468487296923,3,3
"932","2024-01-23_40",2,NA,NA,NA,NA,2.36824837098863,4,3
"935","2024-01-23_41",1,NA,NA,NA,NA,9.58888424289338,4,3
"936","2024-01-23_42",1,NA,NA,NA,NA,2.63606300001936,4,3
"939","2024-01-23_43",3,NA,NA,NA,NA,2.79468487296923,4,3
"941","2024-01-23_44",2,NA,NA,NA,NA,3.17928360069843,4,3
"942","2024-01-23_45",5,NA,NA,NA,NA,2.49483859424186,4,3
"944","2024-01-23_5",2,NA,NA,NA,NA,2.15060132758786,3,3
"948","2024-01-23_6",3,NA,NA,NA,NA,2.25409365749545,3,3
"955","2024-01-23_7",2,NA,NA,NA,NA,2.25409365749545,3,3
"959","2024-01-23_8",3,NA,NA,NA,NA,1.89084263025597,3,3
"961","2024-01-24_1",1,NA,NA,NA,NA,1.27720475039553,4,4
"962","2024-01-24_10",4,NA,NA,NA,NA,2.97423100137033,4,4
"963","2024-01-24_11",4,NA,NA,NA,NA,3.41592198226332,4,4
"966","2024-01-24_12",1,NA,NA,NA,NA,1.97006933947847,4,4
"968","2024-01-24_13",1,NA,NA,NA,NA,3.69241531050002,4,4
"969","2024-01-24_14",2,NA,NA,NA,NA,2.25409365749545,4,4
"972","2024-01-24_15",2,NA,NA,NA,NA,2.49483859424186,4,4
"974","2024-01-24_16",3,NA,NA,NA,NA,1.97006933947847,4,4
"975","2024-01-24_17",2,NA,NA,NA,NA,2.36824837098863,4,4
"977","2024-01-24_18",1,NA,NA,NA,NA,1.57495325992824,4,4
"978","2024-01-24_2",1,NA,NA,NA,NA,1.18163024379646,4,4
"979","2024-01-24_3",1,NA,NA,NA,NA,2.36824837098863,4,4
"980","2024-01-24_4",1,NA,NA,NA,NA,2.63606300001936,4,4
"981","2024-01-24_5",1,NA,NA,NA,NA,4.90704554142547,4,4
"982","2024-01-24_6",2,NA,NA,NA,NA,2.36824837098863,4,4
"984","2024-01-24_8",3,NA,NA,NA,NA,2.79468487296923,4,4
"987","2024-01-24_9",6,NA,NA,NA,NA,2.36824837098863,4,4
"990","2025-01-13_1",1,NA,NA,NA,NA,3.17928360069843,3,4
"991","2025-01-13_10",1,NA,NA,NA,NA,1.43178424862676,3,2
"992","2025-01-13_11",2,NA,NA,NA,NA,2.79468487296923,3,2
"993","2025-01-13_12",2,NA,NA,NA,NA,1.97006933947847,3,3
"996","2025-01-13_13",1,NA,NA,NA,NA,2.36824837098863,3,3
"998","2025-01-13_14",1,NA,NA,NA,NA,1.18163024379646,3,3
"999","2025-01-13_15",1,NA,NA,NA,NA,2.36824837098863,3,3
"1000","2025-01-13_16",2,NA,NA,NA,NA,2.79468487296923,2,2
"1003","2025-01-13_17",2,NA,NA,NA,NA,2.05632436272067,3,2
"1006","2025-01-13_19",1,NA,NA,NA,NA,2.36824837098863,2,2
"1008","2025-01-13_2",2,NA,NA,NA,NA,1.52412734491287,4,3
"1009","2025-01-13_20",1,NA,NA,NA,NA,1.89084263025597,2,2
"1010","2025-01-13_21",2,NA,NA,NA,NA,2.15060132758786,3,2
"1012","2025-01-13_22",2,NA,NA,NA,NA,3.17928360069843,3,2
"1014","2025-01-13_23",1,NA,NA,NA,NA,2.36824837098863,3,2
"1015","2025-01-13_24",2,NA,NA,NA,NA,2.79468487296923,3,2
"1016","2025-01-13_25",3,NA,NA,NA,NA,2.79468487296923,3,2
"1017","2025-01-13_26",2,NA,NA,NA,NA,2.63606300001936,3,2
"1019","2025-01-13_27",7,NA,NA,NA,NA,2.36824837098863,3,2
"1020","2025-01-13_28",1,NA,NA,NA,NA,2.05632436272067,3,2
"1021","2025-01-13_29",2,NA,NA,NA,NA,1.57495325992824,2,2
"1023","2025-01-13_3",3,NA,NA,NA,NA,1.0994194355749,4,3
"1024","2025-01-13_30",1,NA,NA,NA,NA,2.15060132758786,2,2
"1026","2025-01-13_31",1,NA,NA,NA,NA,2.36824837098863,2,2
"1028","2025-01-13_32",2,NA,NA,NA,NA,1.89084263025597,2,2
"1029","2025-01-13_33",1,2,2,1,1,2.36824837098863,2,2
"1030","2025-01-13_34",2,NA,NA,NA,NA,2.36824837098863,2,2
"1031","2025-01-13_35",1,NA,NA,NA,NA,2.25409365749545,2,2
"1033","2025-01-13_36",2,NA,NA,NA,NA,2.36824837098863,2,2
"1034","2025-01-13_37",1,NA,NA,NA,NA,2.49483859424186,2,2
"1037","2025-01-13_38",1,NA,NA,NA,NA,1.89084263025597,2,2
"1039","2025-01-13_39",2,2,2,0,1,1.57495325992824,2,2
"1042","2025-01-13_4",2,NA,NA,NA,NA,1.75026496959489,3,3
"1044","2025-01-13_40",1,NA,NA,NA,NA,1.89084263025597,2,2
"1045","2025-01-13_41",1,NA,NA,NA,NA,0.965223127491043,2,2
"1046","2025-01-13_42",1,1,NA,0,0,1.89084263025597,2,3
"1047","2025-01-13_43",2,3,3,0,0,2.36824837098863,2,3
"1048","2025-01-13_44",1,NA,NA,NA,NA,1.89084263025597,2,3
"1049","2025-01-13_45",1,3,3,1,1,1.89084263025597,2,3
"1051","2025-01-13_46",2,NA,NA,NA,NA,2.79468487296923,2,3
"1054","2025-01-13_48",1,NA,NA,NA,NA,0.706778863107104,2,3
"1055","2025-01-13_49",1,NA,NA,NA,NA,7.57951540421067,2,3
"1057","2025-01-13_5",2,NA,NA,NA,NA,3.69241531050002,3,3
"1058","2025-01-13_50",2,NA,NA,NA,NA,1.38971211320091,2,3
"1059","2025-01-13_51",1,1,1,0,0,2.05632436272067,2,3
"1060","2025-01-13_6",1,NA,NA,NA,NA,3.17928360069843,3,3
"1061","2025-01-13_7",2,NA,NA,NA,NA,2.49483859424186,3,2
"1062","2025-01-13_8",1,NA,NA,NA,NA,2.15060132758786,3,2
"1063","2025-01-13_9",5,NA,NA,NA,NA,2.79468487296923,3,2
"1068","2025-01-14_1",2,NA,NA,NA,NA,4.41663143367504,2,3
"1071","2025-01-14_10",2,NA,NA,NA,NA,3.17928360069843,2,3
"1073","2025-01-14_12",3,NA,NA,NA,NA,4.41663143367504,2,3
"1074","2025-01-14_13",3,NA,NA,NA,NA,3.17928360069843,2,2
"1076","2025-01-14_14",1,NA,NA,NA,NA,1.21185018498828,2,2
"1077","2025-01-14_15",1,NA,NA,NA,NA,2.25409365749545,2,2
"1079","2025-01-14_16",1,NA,NA,NA,NA,1.89084263025597,2,2
"1080","2025-01-14_17",4,NA,NA,NA,NA,2.97423100137033,2,2
"1082","2025-01-14_18",1,NA,NA,NA,NA,4.90704554142547,2,2
"1083","2025-01-14_19",2,NA,NA,NA,NA,2.15060132758786,2,2
"1087","2025-01-14_2",5,NA,NA,NA,NA,2.97423100137033,2,3
"1088","2025-01-14_20",2,NA,NA,NA,NA,2.05632436272067,2,2
"1090","2025-01-14_21",2,NA,NA,NA,NA,2.36824837098863,2,2
"1092","2025-01-14_22",1,NA,NA,NA,NA,2.36824837098863,2,2
"1093","2025-01-14_23",1,NA,NA,NA,NA,2.79468487296923,2,2
"1095","2025-01-14_24",1,NA,NA,NA,NA,2.97423100137033,2,2
"1096","2025-01-14_25",3,NA,NA,NA,NA,2.79468487296923,2,2
"1099","2025-01-14_27",1,NA,NA,NA,NA,2.05632436272067,2,2
"1102","2025-01-14_28",1,NA,NA,NA,NA,7.57951540421067,2,2
"1103","2025-01-14_29",2,NA,NA,NA,NA,2.15060132758786,2,2
"1106","2025-01-14_3",1,NA,NA,NA,NA,2.36824837098863,2,3
"1107","2025-01-14_31",2,NA,NA,NA,NA,1.89084263025597,2,2
"1110","2025-01-14_32",1,NA,NA,NA,NA,1.21185018498828,2,2
"1112","2025-01-14_33",1,NA,NA,NA,NA,2.63606300001936,2,2
"1113","2025-01-14_35",2,NA,NA,NA,NA,1.97006933947847,2,2
"1116","2025-01-14_36",1,NA,NA,NA,NA,2.15060132758786,2,2
"1117","2025-01-14_37",1,1,1,0,0,1.68760620011035,2,2
"1119","2025-01-14_38",3,NA,NA,NA,NA,1.89084263025597,2,2
"1121","2025-01-14_39",1,NA,NA,NA,NA,1.97006933947847,2,2
"1123","2025-01-14_4",3,NA,NA,NA,NA,2.63606300001936,2,3
"1125","2025-01-14_40",2,NA,NA,NA,NA,1.89084263025597,2,2
"1127","2025-01-14_41",1,NA,NA,NA,NA,1.97006933947847,2,2
"1129","2025-01-14_42",1,NA,NA,NA,NA,2.25409365749545,2,2
"1130","2025-01-14_43",1,NA,NA,NA,NA,2.49483859424186,2,2
"1133","2025-01-14_44",1,NA,NA,NA,NA,2.15060132758786,2,2
"1134","2025-01-14_45",3,NA,NA,NA,NA,2.25409365749545,2,2
"1136","2025-01-14_46",2,NA,NA,NA,NA,2.63606300001936,2,2
"1137","2025-01-14_47",3,NA,NA,NA,NA,2.25409365749545,2,2
"1139","2025-01-14_49",1,NA,NA,NA,NA,1.89084263025597,2,2
"1141","2025-01-14_5",2,NA,NA,NA,NA,2.05632436272067,2,3
"1142","2025-01-14_50",1,NA,NA,NA,NA,2.25409365749545,2,2
"1143","2025-01-14_51",2,NA,NA,NA,NA,2.49483859424186,3,2
"1145","2025-01-14_52",2,NA,NA,NA,NA,2.05632436272067,3,2
"1147","2025-01-14_53",1,NA,NA,NA,NA,2.63606300001936,3,2
"1148","2025-01-14_54",1,NA,NA,NA,NA,2.63606300001936,3,2
"1149","2025-01-14_55",1,NA,NA,NA,NA,2.63606300001936,3,2
"1150","2025-01-14_56",1,NA,NA,NA,NA,2.25409365749545,3,2
"1151","2025-01-14_57",2,NA,NA,NA,NA,2.05632436272067,4,3
"1155","2025-01-14_58",1,NA,NA,NA,NA,1.89084263025597,4,3
"1159","2025-01-14_59",5,NA,NA,NA,NA,2.36824837098863,4,3
"1161","2025-01-14_60",1,NA,NA,NA,NA,3.17928360069843,4,3
"1162","2025-01-14_61",1,NA,NA,NA,NA,2.97423100137033,4,3
"1163","2025-01-14_62",1,NA,NA,NA,NA,2.97423100137033,4,3
"1164","2025-01-14_7",1,NA,NA,NA,NA,5.53372688927086,2,3
"1165","2025-01-14_8",1,NA,NA,NA,NA,2.25409365749545,2,3
"1166","2025-01-14_9",2,NA,NA,NA,NA,4.90704554142547,2,3
"1167","2025-01-15_1",2,NA,NA,NA,NA,2.63606300001936,2,3
"1169","2025-01-15_10",3,NA,NA,NA,NA,2.05632436272067,2,3
"1172","2025-01-15_12",3,NA,NA,NA,NA,2.49483859424186,2,2
"1177","2025-01-15_13",7,6,NA,1,0,2.05632436272067,2,2
"1179","2025-01-15_14",1,NA,NA,NA,NA,2.79468487296923,2,2
"1180","2025-01-15_15",2,2,NA,1,1,2.25409365749545,2,2
"1182","2025-01-15_16",1,NA,NA,NA,NA,1.97006933947847,3,2
"1183","2025-01-15_17",2,NA,NA,NA,NA,2.36824837098863,3,2
"1186","2025-01-15_18",1,NA,NA,NA,NA,1.57495325992824,3,2
"1187","2025-01-15_19",3,4,4,1,0,1.81780986621159,2,2
"1190","2025-01-15_2",1,NA,NA,NA,NA,1.81780986621159,2,4
"1191","2025-01-15_20",1,NA,NA,NA,NA,3.41592198226332,2,2
"1192","2025-01-15_21",1,NA,NA,NA,NA,1.68760620011035,2,2
"1194","2025-01-15_22",1,4,4,0,0,2.05632436272067,2,2
"1197","2025-01-15_23",1,NA,NA,NA,NA,2.36824837098863,2,2
"1199","2025-01-15_24",1,NA,NA,NA,NA,1.81780986621159,2,2
"1200","2025-01-15_25",2,NA,NA,NA,NA,1.97006933947847,2,3
"1203","2025-01-15_26",4,NA,NA,NA,NA,1.75026496959489,2,3
"1205","2025-01-15_27",2,NA,NA,NA,NA,2.63606300001936,2,3
"1208","2025-01-15_28",4,4,NA,1,0,2.25409365749545,2,3
"1210","2025-01-15_3",1,2,NA,1,0,1.52412734491287,2,3
"1214","2025-01-15_4",3,4,4,1,0,2.63606300001936,2,3
"1217","2025-01-15_5",1,NA,NA,NA,NA,3.69241531050002,2,3
"1219","2025-01-15_6",4,8,NA,1,1,1.97006933947847,2,3
"1224","2025-01-15_7",1,NA,NA,NA,NA,2.63606300001936,2,3
"1225","2025-01-15_8",1,NA,NA,NA,NA,3.41592198226332,2,3
"1226","2025-01-15_9",3,NA,NA,NA,NA,1.52412734491287,2,3
"1229","2025-01-16_1",1,NA,NA,NA,NA,2.36824837098863,2,4
"1230","2025-01-16_10",4,10,NA,0,0,2.05632436272067,2,2
"1231","2025-01-16_11",2,NA,NA,NA,NA,2.25409365749545,2,2
"1233","2025-01-16_12",2,NA,NA,NA,NA,2.49483859424186,2,2
"1235","2025-01-16_13",2,NA,NA,NA,NA,1.81780986621159,2,2
"1236","2025-01-16_14",2,NA,NA,NA,NA,2.79468487296923,2,2
"1237","2025-01-16_15",2,NA,NA,NA,NA,3.17928360069843,2,2
"1238","2025-01-16_16",3,NA,NA,NA,NA,2.36824837098863,2,2
"1241","2025-01-16_17",1,NA,NA,NA,NA,2.25409365749545,2,2
"1243","2025-01-16_18",2,NA,NA,NA,NA,2.15060132758786,2,2
"1244","2025-01-16_19",3,NA,NA,NA,NA,1.75026496959489,2,3
"1247","2025-01-16_2",1,NA,NA,NA,NA,2.79468487296923,2,4
"1248","2025-01-16_20",1,NA,NA,NA,NA,1.52412734491287,2,3
"1249","2025-01-16_21",1,NA,NA,NA,NA,1.75026496959489,2,2
"1251","2025-01-16_22",1,3,NA,1,0,2.79468487296923,2,2
"1252","2025-01-16_23",1,NA,NA,NA,NA,2.05632436272067,2,2
"1253","2025-01-16_24",2,NA,NA,NA,NA,2.36824837098863,2,3
"1255","2025-01-16_25",4,8,NA,1,0,2.36824837098863,2,3
"1259","2025-01-16_26",9,NA,NA,NA,NA,2.05632436272067,2,3
"1262","2025-01-16_28",1,NA,NA,NA,NA,2.05632436272067,2,3
"1264","2025-01-16_29",1,NA,NA,NA,NA,3.17928360069843,2,3
"1265","2025-01-16_3",1,NA,NA,NA,NA,2.63606300001936,2,4
"1268","2025-01-16_30",2,3,3,0,0,1.68760620011035,2,3
"1270","2025-01-16_31",2,NA,NA,NA,NA,2.05632436272067,2,3
"1271","2025-01-16_32",1,NA,NA,NA,NA,3.69241531050002,2,3
"1273","2025-01-16_33",1,4,4,1,0,2.49483859424186,2,3
"1274","2025-01-16_34",3,5,5,1,0,2.49483859424186,2,3
"1278","2025-01-16_36",1,NA,NA,NA,NA,2.36824837098863,2,3
"1279","2025-01-16_37",3,NA,NA,NA,NA,3.69241531050002,2,3
"1281","2025-01-16_38",12,10,12,1,0,2.36824837098863,2,3
"1283","2025-01-16_39",1,NA,NA,NA,NA,3.17928360069843,2,3
"1284","2025-01-16_4",3,NA,NA,NA,NA,2.79468487296923,2,4
"1286","2025-01-16_40",2,4,4,1,0,2.15060132758786,2,3
"1288","2025-01-16_5",1,NA,NA,NA,NA,1.68760620011035,2,4
"1289","2025-01-16_6",1,2,NA,1,1,2.05632436272067,2,4
"1290","2025-01-16_7",2,NA,NA,NA,NA,2.25409365749545,2,3
"1293","2025-01-16_8",2,NA,NA,NA,NA,3.41592198226332,2,4
"1294","2025-01-16_9",4,NA,NA,NA,NA,2.49483859424186,2,3
"1296","2025-01-17_1",3,NA,NA,NA,NA,2.15060132758786,2,4
"1300","2025-01-17_10",1,NA,NA,NA,NA,3.17928360069843,2,3
"1303","2025-01-17_11",2,NA,NA,NA,NA,2.97423100137033,2,3
"1306","2025-01-17_12",1,NA,NA,NA,NA,2.79468487296923,2,3
"1308","2025-01-17_13",5,6,6,1,0,2.36824837098863,2,3
"1310","2025-01-17_14",7,NA,NA,NA,NA,2.97423100137033,2,3
"1314","2025-01-17_15",6,NA,NA,NA,NA,2.79468487296923,2,3
"1318","2025-01-17_16",1,NA,NA,NA,NA,2.36824837098863,2,3
"1319","2025-01-17_17",2,NA,NA,NA,NA,4.41663143367504,2,3
"1320","2025-01-17_18",2,NA,NA,NA,NA,2.79468487296923,2,3
"1321","2025-01-17_19",2,NA,NA,NA,NA,1.81780986621159,2,2
"1323","2025-01-17_2",2,NA,NA,NA,NA,1.97006933947847,2,4
"1325","2025-01-17_20",3,5,5,1,1,1.89084263025597,2,2
"1328","2025-01-17_21",2,NA,NA,NA,NA,2.79468487296923,2,2
"1330","2025-01-17_22",2,NA,NA,NA,NA,2.36824837098863,2,2
"1333","2025-01-17_23",1,2,2,1,0,1.38971211320091,2,2
"1335","2025-01-17_24",2,NA,NA,NA,NA,2.63606300001936,2,2
"1338","2025-01-17_25",2,8,8,0,1,3.69241531050002,2,2
"1342","2025-01-17_26",2,NA,NA,NA,NA,2.63606300001936,2,2
"1344","2025-01-17_28",1,NA,NA,NA,NA,2.15060132758786,2,2
"1345","2025-01-17_29",1,2,NA,1,1,2.25409365749545,2,2
"1346","2025-01-17_3",1,NA,NA,NA,NA,2.05632436272067,2,4
"1347","2025-01-17_30",4,6,NA,1,1,2.15060132758786,2,2
"1352","2025-01-17_31",1,NA,NA,NA,NA,2.36824837098863,2,2
"1354","2025-01-17_32",4,NA,NA,NA,NA,2.36824837098863,2,2
"1356","2025-01-17_33",4,NA,NA,NA,NA,2.36824837098863,2,2
"1358","2025-01-17_34",3,NA,NA,NA,NA,1.89084263025597,2,2
"1363","2025-01-17_35",1,NA,NA,NA,NA,1.89084263025597,2,2
"1364","2025-01-17_36",3,5,5,1,0,1.75026496959489,2,2
"1367","2025-01-17_37",2,NA,NA,NA,NA,2.36824837098863,2,2
"1368","2025-01-17_38",2,NA,NA,NA,NA,2.25409365749545,2,2
"1370","2025-01-17_39",2,5,5,1,0,2.25409365749545,2,2
"1372","2025-01-17_4",1,NA,NA,NA,NA,3.17928360069843,2,4
"1373","2025-01-17_40",3,NA,NA,NA,NA,1.89084263025597,2,2
"1374","2025-01-17_5",1,NA,NA,NA,NA,2.36824837098863,2,4
"1375","2025-01-17_6",2,NA,NA,NA,NA,1.62931741563283,2,3
"1377","2025-01-17_7",2,NA,NA,NA,NA,3.69241531050002,2,3
"1379","2025-01-17_8",1,NA,NA,NA,NA,2.49483859424186,2,3
"1380","2025-01-17_9",2,NA,NA,NA,NA,2.49483859424186,2,3
"1381","2025-01-18_1",1,NA,NA,NA,NA,1.89084263025597,2,4
"1382","2025-01-18_10",2,NA,NA,NA,NA,2.63606300001936,3,3
"1384","2025-01-18_11",1,NA,NA,NA,NA,2.05632436272067,3,3
"1386","2025-01-18_12",2,NA,NA,NA,NA,3.69241531050002,4,3
"1388","2025-01-18_13",1,NA,NA,NA,NA,1.57495325992824,4,3
"1389","2025-01-18_14",2,NA,NA,NA,NA,4.41663143367504,4,3
"1391","2025-01-18_15",1,NA,NA,NA,NA,2.79468487296923,4,3
"1394","2025-01-18_16",2,NA,NA,NA,NA,3.69241531050002,4,3
"1395","2025-01-18_17",1,NA,NA,NA,NA,2.15060132758786,4,3
"1396","2025-01-18_18",2,NA,NA,NA,NA,2.15060132758786,4,3
"1398","2025-01-18_19",2,NA,NA,NA,NA,4.90704554142547,4,3
"1399","2025-01-18_2",4,NA,NA,NA,NA,3.69241531050002,2,3
"1402","2025-01-18_20",1,NA,NA,NA,NA,1.43178424862676,3,2
"1404","2025-01-18_21",1,NA,NA,NA,NA,1.89084263025597,3,2
"1406","2025-01-18_22",2,NA,NA,NA,NA,1.75026496959489,3,2
"1408","2025-01-18_23",2,NA,NA,NA,NA,2.63606300001936,3,2
"1411","2025-01-18_24",3,NA,NA,NA,NA,2.25409365749545,3,2
"1412","2025-01-18_25",2,NA,NA,NA,NA,3.17928360069843,3,2
"1414","2025-01-18_26",2,NA,NA,NA,NA,2.63606300001936,3,2
"1416","2025-01-18_27",2,NA,NA,NA,NA,2.97423100137033,3,2
"1420","2025-01-18_28",2,NA,NA,NA,NA,4.41663143367504,3,2
"1422","2025-01-18_29",1,NA,NA,NA,NA,1.81780986621159,3,2
"1424","2025-01-18_3",3,NA,NA,NA,NA,2.05632436272067,2,3
"1427","2025-01-18_30",1,NA,NA,NA,NA,2.97423100137033,3,2
"1428","2025-01-18_31",2,NA,NA,NA,NA,2.63606300001936,3,2
"1430","2025-01-18_32",2,NA,NA,NA,NA,2.97423100137033,3,2
"1431","2025-01-18_33",1,NA,NA,NA,NA,2.05632436272067,3,2
"1432","2025-01-18_34",1,NA,NA,NA,NA,3.69241531050002,3,2
"1433","2025-01-18_35",2,NA,NA,NA,NA,2.36824837098863,4,3
"1434","2025-01-18_4",1,NA,NA,NA,NA,2.79468487296923,2,3
"1436","2025-01-18_5",1,NA,NA,NA,NA,2.05632436272067,2,3
"1437","2025-01-18_6",2,NA,NA,NA,NA,2.63606300001936,2,3
"1439","2025-01-18_7",1,NA,NA,NA,NA,2.36824837098863,2,3
"1440","2025-01-18_8",1,NA,NA,NA,NA,2.05632436272067,2,3
"1441","2025-01-18_9",4,NA,NA,NA,NA,2.36824837098863,2,3
"1443","2025-01-20_1",2,NA,NA,NA,NA,2.15060132758786,2,4
"1444","2025-01-20_10",1,NA,NA,NA,NA,2.15060132758786,3,3
"1446","2025-01-20_11",2,2,NA,1,1,2.15060132758786,2,3
"1448","2025-01-20_12",1,1,NA,1,1,1.47650273882677,2,3
"1449","2025-01-20_13",2,NA,NA,NA,NA,2.49483859424186,2,3
"1450","2025-01-20_14",2,NA,NA,NA,NA,2.79468487296923,2,3
"1452","2025-01-20_15",1,NA,NA,NA,NA,3.17928360069843,2,2
"1454","2025-01-20_16",1,NA,NA,NA,NA,1.89084263025597,2,2
"1455","2025-01-20_17",2,NA,NA,NA,NA,2.05632436272067,2,2
"1456","2025-01-20_18",1,NA,NA,NA,NA,1.89084263025597,2,2
"1458","2025-01-20_19",4,NA,NA,NA,NA,2.05632436272067,2,2
"1461","2025-01-20_2",1,NA,NA,NA,NA,1.81780986621159,2,4
"1462","2025-01-20_20",1,NA,NA,NA,NA,1.81780986621159,2,2
"1463","2025-01-20_21",1,NA,NA,NA,NA,2.05632436272067,2,2
"1465","2025-01-20_22",1,1,1,1,0,1.97006933947847,2,2
"1467","2025-01-20_23",3,5,5,1,0,3.17928360069843,2,2
"1468","2025-01-20_24",2,6,6,1,0,3.17928360069843,2,2
"1469","2025-01-20_25",1,NA,NA,NA,NA,2.97423100137033,2,2
"1470","2025-01-20_26",2,2,NA,0,0,1.89084263025597,2,2
"1471","2025-01-20_27",2,5,5,1,0,2.36824837098863,2,2
"1473","2025-01-20_28",2,NA,NA,NA,NA,2.49483859424186,2,2
"1475","2025-01-20_29",4,NA,NA,NA,NA,3.17928360069843,2,2
"1478","2025-01-20_3",1,NA,NA,NA,NA,2.36824837098863,2,4
"1479","2025-01-20_30",1,NA,NA,NA,NA,2.63606300001936,2,2
"1480","2025-01-20_31",5,6,NA,1,0,2.49483859424186,2,2
"1481","2025-01-20_32",1,NA,NA,NA,NA,2.36824837098863,2,2
"1484","2025-01-20_33",2,NA,NA,NA,NA,4.90704554142547,2,2
"1485","2025-01-20_34",2,NA,NA,NA,NA,2.36824837098863,2,2
"1487","2025-01-20_35",2,3,3,1,0,2.15060132758786,2,2
"1489","2025-01-20_36",4,NA,NA,NA,NA,3.69241531050002,2,2
"1493","2025-01-20_37",1,NA,NA,NA,NA,3.17928360069843,2,2
"1494","2025-01-20_38",6,9,9,1,0,2.97423100137033,2,2
"1497","2025-01-20_39",4,NA,NA,NA,NA,3.17928360069843,2,2
"1500","2025-01-20_4",1,NA,NA,NA,NA,1.89084263025597,2,4
"1501","2025-01-20_40",2,NA,NA,NA,NA,2.97423100137033,2,2
"1503","2025-01-20_41",1,NA,NA,NA,NA,2.97423100137033,2,2
"1504","2025-01-20_5",1,1,1,1,0,1.35005681175826,2,3
"1506","2025-01-20_7",3,7,7,1,0,2.25409365749545,3,3
"1508","2025-01-20_8",2,NA,NA,NA,NA,2.79468487296923,3,3
"1510","2025-01-20_9",3,NA,NA,NA,NA,1.89084263025597,3,3
"1512","2025-01-21_1",6,NA,NA,NA,NA,2.15060132758786,2,4
"1513","2025-01-21_10",1,NA,NA,NA,NA,2.15060132758786,2,4
"1514","2025-01-21_11",3,NA,NA,NA,NA,2.79468487296923,2,4
"1515","2025-01-21_12",2,NA,NA,NA,NA,3.69241531050002,2,4
"1516","2025-01-21_13",1,NA,NA,NA,NA,3.17928360069843,2,3
"1518","2025-01-21_14",3,NA,NA,NA,NA,2.49483859424186,2,3
"1519","2025-01-21_15",1,NA,NA,NA,NA,3.17928360069843,2,3
"1520","2025-01-21_16",1,NA,NA,NA,NA,3.17928360069843,2,3
"1521","2025-01-21_17",2,NA,NA,NA,NA,2.36824837098863,2,3
"1524","2025-01-21_18",1,NA,NA,NA,NA,1.81780986621159,2,3
"1525","2025-01-21_19",1,NA,NA,NA,NA,3.17928360069843,2,3
"1526","2025-01-21_2",2,NA,NA,NA,NA,1.62931741563283,2,4
"1527","2025-01-21_20",1,1,NA,1,0,1.05070927757734,2,3
"1529","2025-01-21_21",1,NA,NA,NA,NA,2.05632436272067,2,3
"1530","2025-01-21_22",1,NA,NA,NA,NA,2.79468487296923,2,3
"1531","2025-01-21_23",2,NA,NA,NA,NA,3.69241531050002,2,3
"1532","2025-01-21_24",1,NA,NA,NA,NA,2.49483859424186,2,3
"1534","2025-01-21_25",2,NA,NA,NA,NA,3.17928360069843,2,3
"1535","2025-01-21_26",1,NA,NA,NA,NA,1.81780986621159,2,3
"1536","2025-01-21_27",2,NA,NA,NA,NA,2.79468487296923,2,3
"1537","2025-01-21_28",3,4,NA,1,1,2.79468487296923,2,3
"1539","2025-01-21_29",1,NA,NA,NA,NA,2.15060132758786,2,3
"1540","2025-01-21_3",1,NA,NA,NA,NA,3.41592198226332,2,4
"1542","2025-01-21_30",1,NA,NA,NA,NA,1.57495325992824,2,3
"1543","2025-01-21_31",1,NA,NA,NA,NA,1.47650273882677,2,3
"1544","2025-01-21_32",1,NA,NA,NA,NA,0.592358122689859,2,3
"1545","2025-01-21_33",2,5,5,1,1,2.63606300001936,2,3
"1548","2025-01-21_34",3,NA,NA,NA,NA,2.63606300001936,2,3
"1554","2025-01-21_35",1,NA,NA,NA,NA,2.49483859424186,2,3
"1555","2025-01-21_36",2,NA,NA,NA,NA,1.97006933947847,2,3
"1558","2025-01-21_37",1,NA,NA,NA,NA,0.728435669980996,2,3
"1559","2025-01-21_38",3,NA,NA,NA,NA,3.69241531050002,2,3
"1562","2025-01-21_39",2,NA,NA,NA,NA,4.02035769248287,2,3
"1565","2025-01-21_4",1,NA,NA,NA,NA,2.63606300001936,2,4
"1566","2025-01-21_40",2,4,NA,1,1,3.17928360069843,2,2
"1570","2025-01-21_41",2,NA,NA,NA,NA,2.97423100137033,2,3
"1571","2025-01-21_42",1,NA,NA,NA,NA,2.36824837098863,2,2
"1573","2025-01-21_43",1,NA,NA,NA,NA,4.02035769248287,2,2
"1575","2025-01-21_44",3,4,4,1,0,2.25409365749545,2,2
"1578","2025-01-21_45",3,NA,NA,NA,NA,4.90704554142547,2,2
"1580","2025-01-21_46",2,2,NA,1,1,2.63606300001936,2,2
"1581","2025-01-21_47",1,2,2,1,1,2.63606300001936,2,2
"1582","2025-01-21_48",2,NA,NA,NA,NA,2.79468487296923,2,2
"1585","2025-01-21_49",1,3,3,1,1,2.79468487296923,2,2
"1587","2025-01-21_5",1,NA,NA,NA,NA,2.63606300001936,2,4
"1588","2025-01-21_50",4,NA,NA,NA,NA,2.97423100137033,3,3
"1590","2025-01-21_51",3,NA,NA,NA,NA,3.17928360069843,3,3
"1591","2025-01-21_52",1,2,NA,1,1,1.89084263025597,3,3
"1592","2025-01-21_53",1,NA,NA,NA,NA,2.97423100137033,3,3
"1593","2025-01-21_54",2,2,NA,1,1,2.79468487296923,3,3
"1595","2025-01-21_55",3,NA,NA,NA,NA,3.69241531050002,3,3
"1596","2025-01-21_56",2,5,NA,1,1,2.15060132758786,3,3
"1598","2025-01-21_57",1,NA,NA,NA,NA,2.79468487296923,4,3
"1600","2025-01-21_58",3,NA,NA,NA,NA,3.41592198226332,4,3
"1601","2025-01-21_59",2,NA,NA,NA,NA,2.97423100137033,4,3
"1603","2025-01-21_6",1,NA,NA,NA,NA,2.15060132758786,2,4
"1604","2025-01-21_60",2,NA,NA,NA,NA,2.63606300001936,4,3
"1605","2025-01-21_61",4,NA,NA,NA,NA,2.36824837098863,4,3
"1606","2025-01-21_62",2,NA,NA,NA,NA,3.17928360069843,4,3
"1608","2025-01-21_63",4,NA,NA,NA,NA,2.79468487296923,4,3
"1611","2025-01-21_64",3,NA,NA,NA,NA,2.97423100137033,4,3
"1612","2025-01-21_65",1,NA,NA,NA,NA,3.41592198226332,4,4
"1613","2025-01-21_66",1,NA,NA,NA,NA,3.69241531050002,4,4
"1614","2025-01-21_7",1,NA,NA,NA,NA,2.36824837098863,2,4
"1615","2025-01-21_8",1,NA,NA,NA,NA,2.36824837098863,2,4
"1616","2025-01-21_9",2,NA,NA,NA,NA,3.69241531050002,2,4
"1618","2025-01-22_1",2,3,3,1,0,1.62931741563283,3,4
"1621","2025-01-22_10",1,NA,NA,NA,NA,2.79468487296923,3,3
"1622","2025-01-22_11",1,2,NA,1,1,2.36824837098863,4,3
"1626","2025-01-22_12",1,3,NA,1,1,2.79468487296923,4,3
"1629","2025-01-22_13",2,NA,NA,NA,NA,1.89084263025597,4,3
"1631","2025-01-22_14",1,NA,NA,NA,NA,2.49483859424186,4,3
"1632","2025-01-22_16",1,NA,NA,NA,NA,2.15060132758786,2,3
"1633","2025-01-22_17",2,NA,NA,NA,NA,2.63606300001936,2,3
"1634","2025-01-22_18",3,NA,NA,NA,NA,2.36824837098863,2,3
"1635","2025-01-22_19",1,NA,NA,NA,NA,4.41663143367504,2,3
"1636","2025-01-22_2",1,NA,NA,NA,NA,2.49483859424186,3,4
"1638","2025-01-22_20",2,2,2,1,0,3.17928360069843,2,3
"1639","2025-01-22_21",2,6,6,1,0,2.36824837098863,2,3
"1640","2025-01-22_22",3,NA,NA,NA,NA,2.36824837098863,2,3
"1643","2025-01-22_23",1,NA,NA,NA,NA,2.05632436272067,2,3
"1644","2025-01-22_24",4,8,8,1,1,4.02035769248287,2,3
"1645","2025-01-22_25",4,NA,NA,NA,NA,2.36824837098863,2,2
"1646","2025-01-22_26",1,NA,NA,NA,NA,2.25409365749545,2,2
"1647","2025-01-22_27",4,NA,NA,NA,NA,3.69241531050002,2,2
"1648","2025-01-22_28",1,NA,NA,NA,NA,1.05070927757734,2,2
"1649","2025-01-22_29",2,NA,NA,NA,NA,2.36824837098863,2,2
"1651","2025-01-22_3",1,3,3,1,1,2.97423100137033,3,4
"1652","2025-01-22_30",1,2,2,0,1,1.97006933947847,2,2
"1653","2025-01-22_31",2,NA,NA,NA,NA,3.17928360069843,2,2
"1655","2025-01-22_32",1,NA,NA,NA,NA,4.02035769248287,2,2
"1656","2025-01-22_33",4,5,5,0,1,2.63606300001936,2,2
"1658","2025-01-22_34",1,NA,NA,NA,NA,2.15060132758786,2,2
"1659","2025-01-22_35",1,NA,NA,NA,NA,4.02035769248287,2,2
"1660","2025-01-22_36",2,NA,NA,NA,NA,2.05632436272067,2,2
"1664","2025-01-22_37",3,NA,NA,NA,NA,3.69241531050002,2,2
"1667","2025-01-22_38",1,NA,NA,NA,NA,2.97423100137033,2,2
"1668","2025-01-22_39",1,NA,NA,NA,NA,2.79468487296923,2,2
"1669","2025-01-22_4",1,NA,NA,NA,NA,1.68760620011035,3,4
"1670","2025-01-22_40",2,1,1,1,1,2.79468487296923,2,2
"1671","2025-01-22_41",1,NA,NA,NA,NA,3.17928360069843,2,2
"1672","2025-01-22_42",1,NA,NA,NA,NA,2.97423100137033,2,2
"1673","2025-01-22_43",3,NA,NA,NA,NA,2.36824837098863,4,3
"1675","2025-01-22_44",2,NA,NA,NA,NA,2.05632436272067,4,3
"1678","2025-01-22_45",2,NA,NA,NA,NA,2.79468487296923,4,3
"1679","2025-01-22_46",4,NA,NA,NA,NA,2.36824837098863,4,3
"1681","2025-01-22_47",2,NA,NA,NA,NA,1.89084263025597,4,3
"1683","2025-01-22_48",1,NA,NA,NA,NA,1.89084263025597,4,3
"1684","2025-01-22_49",2,NA,NA,NA,NA,1.81780986621159,4,3
"1686","2025-01-22_50",1,NA,NA,NA,NA,2.15060132758786,4,3
"1688","2025-01-22_51",1,NA,NA,NA,NA,1.75026496959489,4,3
"1689","2025-01-22_52",2,NA,NA,NA,NA,1.75026496959489,4,3
"1690","2025-01-22_53",1,NA,NA,NA,NA,1.97006933947847,4,3
"1691","2025-01-22_54",1,NA,NA,NA,NA,2.63606300001936,4,3
"1692","2025-01-22_55",1,NA,NA,NA,NA,3.69241531050002,4,3
"1693","2025-01-22_56",2,NA,NA,NA,NA,1.68760620011035,4,3
"1694","2025-01-22_57",4,NA,NA,NA,NA,4.02035769248287,4,3
"1695","2025-01-22_58",2,NA,NA,NA,NA,1.52412734491287,4,3
"1696","2025-01-22_6",1,NA,NA,NA,NA,1.75026496959489,3,4
"1698","2025-01-22_7",2,NA,NA,NA,NA,2.36824837098863,3,3
"1702","2025-01-22_8",3,NA,NA,NA,NA,1.89084263025597,3,4
"1704","2025-01-22_9",1,2,2,0,1,1.89084263025597,3,4
"1705","2025-01-23_1",1,NA,NA,NA,NA,1.81780986621159,2,4
"1707","2025-01-23_10",1,NA,NA,NA,NA,2.49483859424186,2,2
"1708","2025-01-23_11",2,NA,NA,NA,NA,1.57495325992824,2,2
"1710","2025-01-23_12",1,NA,NA,NA,NA,2.25409365749545,2,2
"1711","2025-01-23_13",4,NA,NA,NA,NA,1.68760620011035,2,2
"1713","2025-01-23_14",2,NA,NA,NA,NA,2.49483859424186,2,2
"1714","2025-01-23_15",1,NA,NA,NA,NA,1.97006933947847,2,2
"1716","2025-01-23_16",1,NA,NA,NA,NA,1.89084263025597,2,2
"1717","2025-01-23_17",2,NA,NA,NA,NA,2.36824837098863,2,2
"1719","2025-01-23_18",1,NA,NA,NA,NA,1.89084263025597,2,2
"1721","2025-01-23_19",2,NA,NA,NA,NA,1.81780986621159,2,2
"1723","2025-01-23_2",1,4,NA,0,0,2.49483859424186,2,4
"1726","2025-01-23_20",1,NA,NA,NA,NA,2.15060132758786,2,2
"1728","2025-01-23_21",1,7,NA,1,1,1.97006933947847,2,2
"1729","2025-01-23_22",1,NA,NA,NA,NA,2.25409365749545,2,2
"1730","2025-01-23_23",1,NA,NA,NA,NA,1.89084263025597,2,2
"1731","2025-01-23_24",4,NA,NA,NA,NA,3.17928360069843,2,2
"1733","2025-01-23_25",2,NA,NA,NA,NA,2.63606300001936,2,2
"1734","2025-01-23_26",1,NA,NA,NA,NA,2.36824837098863,2,2
"1736","2025-01-23_27",2,NA,NA,NA,NA,1.97006933947847,2,2
"1738","2025-01-23_28",1,NA,NA,NA,NA,3.69241531050002,2,2
"1739","2025-01-23_29",1,NA,NA,NA,NA,2.79468487296923,2,2
"1740","2025-01-23_3",3,NA,NA,NA,NA,5.53372688927086,2,2
"1746","2025-01-23_30",1,NA,NA,NA,NA,2.15060132758786,2,2
"1747","2025-01-23_31",1,NA,NA,NA,NA,1.81780986621159,2,2
"1749","2025-01-23_32",1,1,1,1,0,1.62931741563283,2,2
"1750","2025-01-23_33",2,1,NA,1,1,3.17928360069843,2,2
"1751","2025-01-23_34",1,NA,NA,NA,NA,2.79468487296923,2,2
"1752","2025-01-23_35",6,15,NA,1,1,2.49483859424186,2,2
"1757","2025-01-23_36",1,NA,NA,NA,NA,2.97423100137033,2,2
"1758","2025-01-23_37",2,NA,NA,NA,NA,2.49483859424186,2,2
"1760","2025-01-23_38",1,NA,NA,NA,NA,3.17928360069843,2,2
"1761","2025-01-23_39",4,NA,NA,NA,NA,2.63606300001936,2,2
"1764","2025-01-23_4",2,NA,NA,NA,NA,1.75026496959489,2,4
"1769","2025-01-23_40",1,NA,NA,NA,NA,2.97423100137033,2,2
"1770","2025-01-23_41",1,NA,NA,NA,NA,1.00614708174896,2,2
"1771","2025-01-23_42",1,NA,NA,NA,NA,1.75026496959489,2,2
"1772","2025-01-23_43",1,NA,NA,NA,NA,3.69241531050002,2,2
"1774","2025-01-23_44",2,NA,NA,NA,NA,2.36824837098863,2,2
"1776","2025-01-23_45",1,NA,NA,NA,NA,3.17928360069843,2,2
"1777","2025-01-23_46",3,NA,NA,NA,NA,3.17928360069843,2,2
"1779","2025-01-23_47",1,NA,NA,NA,NA,3.17928360069843,2,2
"1780","2025-01-23_48",1,NA,NA,NA,NA,3.17928360069843,2,2
"1781","2025-01-23_5",1,NA,NA,NA,NA,2.25409365749545,2,4
"1783","2025-01-23_6",1,NA,NA,NA,NA,2.97423100137033,2,4
"1784","2025-01-23_7",1,NA,NA,NA,NA,1.68760620011035,2,2
"1785","2025-01-23_8",1,NA,NA,NA,NA,1.75026496959489,2,2
"1786","2025-01-23_9",2,2,2,1,1,2.15060132758786,2,2
"1788","2025-01-24_1",1,NA,NA,NA,NA,1.89084263025597,2,4
"1789","2025-01-24_10",1,NA,NA,NA,NA,2.79468487296923,2,3
"1790","2025-01-24_11",1,NA,NA,NA,NA,2.36824837098863,2,3
"1791","2025-01-24_12",1,NA,NA,NA,NA,1.62931741563283,2,3
"1792","2025-01-24_13",1,NA,NA,NA,NA,2.49483859424186,2,3
"1793","2025-01-24_14",3,NA,NA,NA,NA,2.97423100137033,2,3
"1795","2025-01-24_15",2,NA,NA,NA,NA,2.05632436272067,2,3
"1798","2025-01-24_16",3,NA,NA,NA,NA,1.81780986621159,2,2
"1800","2025-01-24_17",3,NA,NA,NA,NA,4.41663143367504,2,3
"1801","2025-01-24_18",6,NA,NA,NA,NA,3.69241531050002,2,2
"1803","2025-01-24_19",1,NA,NA,NA,NA,2.25409365749545,2,2
"1804","2025-01-24_2",1,NA,NA,NA,NA,1.89084263025597,2,4
"1805","2025-01-24_20",1,NA,NA,NA,NA,1.68760620011035,2,2
"1808","2025-01-24_21",1,NA,NA,NA,NA,2.05632436272067,2,2
"1809","2025-01-24_22",1,NA,NA,NA,NA,2.63606300001936,2,2
"1811","2025-01-24_23",2,NA,NA,NA,NA,2.79468487296923,2,2
"1813","2025-01-24_25",1,NA,NA,NA,NA,1.05070927757734,2,2
"1815","2025-01-24_26",1,NA,NA,NA,NA,1.05070927757734,2,2
"1816","2025-01-24_28",1,NA,NA,NA,NA,2.15060132758786,2,2
"1817","2025-01-24_29",2,NA,NA,NA,NA,3.69241531050002,2,2
"1818","2025-01-24_3",4,NA,NA,NA,NA,2.63606300001936,2,4
"1822","2025-01-24_30",2,NA,NA,NA,NA,2.79468487296923,2,2
"1823","2025-01-24_31",1,NA,NA,NA,NA,0.706778863107104,2,2
"1824","2025-01-24_32",3,NA,NA,NA,NA,2.05632436272067,2,2
"1826","2025-01-24_33",2,NA,NA,NA,NA,1.57495325992824,2,2
"1829","2025-01-24_34",1,NA,NA,NA,NA,1.57495325992824,2,2
"1831","2025-01-24_35",2,NA,NA,NA,NA,2.36824837098863,2,2
"1833","2025-01-24_36",1,NA,NA,NA,NA,1.68760620011035,2,2
"1835","2025-01-24_37",1,NA,NA,NA,NA,4.41663143367504,2,2
"1836","2025-01-24_38",1,NA,NA,NA,NA,1.18163024379646,2,2
"1837","2025-01-24_39",2,NA,NA,NA,NA,4.41663143367504,3,4
"1840","2025-01-24_4",2,NA,NA,NA,NA,1.89084263025597,2,3
"1841","2025-01-24_40",3,NA,NA,NA,NA,4.90704554142547,3,4
"1843","2025-01-24_41",1,NA,NA,NA,NA,1.05070927757734,3,4
"1845","2025-01-24_42",1,NA,NA,NA,NA,3.69241531050002,3,4
"1847","2025-01-24_43",1,NA,NA,NA,NA,3.17928360069843,3,4
"1848","2025-01-24_44",2,NA,NA,NA,NA,2.79468487296923,3,4
"1849","2025-01-24_45",1,NA,NA,NA,NA,2.36824837098863,3,3
"1852","2025-01-24_46",3,NA,NA,NA,NA,2.25409365749545,3,3
"1853","2025-01-24_47",2,NA,NA,NA,NA,1.89084263025597,3,3
"1856","2025-01-24_5",2,NA,NA,NA,NA,2.25409365749545,2,3
"1860","2025-01-24_6",1,NA,NA,NA,NA,2.25409365749545,2,3
"1862","2025-01-24_7",2,NA,NA,NA,NA,1.97006933947847,2,3
"1863","2025-01-24_8",1,NA,NA,NA,NA,2.15060132758786,2,3
"1865","2025-01-24_9",2,NA,NA,NA,NA,4.90704554142547,2,3
